-86.591963,32.844151,"Love's TS-Clanton,AL","I-65 Exit 208|300 Arby Dr, Clanton,AL 35045|205-755-8104|65 Truck Parking Spots|#0368|RV Dump/Propane"
-86.864036,34.129181,"Love's TS-Cullman,AL","I-65 Exit 305|497 CR 222, Cullman,AL 35055|256-615-6360|82 Truck Parking Spots|#877|3 Backin RV Spots|RV Dump|RV Friendly Parking|Dog Park"
-87.922332,32.867244,"Love's TS-Eutaw,AL","I-20/59 Exit 40|7561 Mesopotamia St, Eutaw,AL 35462|205-372-9244|96 Truck Parking Spots|#0773|RV Dump/Propane"
-87.007918,31.419975,"Love's TS-Evergreen,AL","I-65 Exit 93|16101 Hwy 84, Evergreen,AL 36401|251-578-4496|138 Truck Parking Spots|#0225|Propane/RV Friendly Parking"
-86.89353,34.367333,"Love's TS-Falkville,AL","I-65 Exit 322|64 E Pike Rd, Falkville,AL 35622|256-784-6106|87 Truck Parking Spots|#0381|RV Dump/Propane/RV Friendly Parking"
-88.0047,34.092233,"Love's TS-Hamilton,AL","I-22 Exit 14|1126 Hwy 35, Hamilton,AL 35570|205-754-3100|81 Truck Parking Spots|#0814|RV Dump/Propane/RV Friendly Parking"
-85.511493,33.648084,"Love's TS-Heflin,AL","I-20 Exit 205|6647 Hwy 46, Heflin,AL 36264|256-807-6001|72 Truck Parking Spots|#0818|RV Dump/Propane/RV Friendly Parking/RV Hookup-7"
-86.415382,32.196382,"Love's TS-Hope Hull,AL","I-65 Exit 158|1127 Tyson Rd, Hope Hull,AL 36040|334-280-0009|85 Truck Parking Spots|#0718|RV Dump/Propane/RV Friendly Parking"
-88.244534,30.530874,"Love's TS-Irvington,AL","I-10 Exit 10|8400 County Farm Rd, Irvington,AL 36544|334-453-6030|100 Truck Parking Spots|#0846|RV Dump/Propane/RV Friendly Parking"
-87.241662,33.790777,"Love's TS-Jasper,AL","I-22 Exit 65|83 Carl Cannon Blvd, Jasper,AL 35501|205-295-1706|65 Truck Parking Spots|#0466|RV Dump/Propane"
-87.759422,30.654386,"Love's TS-Loxley,AL","I-10 Exit 44|126 E Flying K Rd, Loxley,AL 36551|251-964-2090|40 Truck Parking Spots|#0206|RV Dump/RV Friendly Parking"
-87.09893,33.278775,"Love's TS-McCalla,AL","I-20 Exit 100|22183 Hwy 216, McCalla,AL 35111|205-477-9423|90 Truck Parking Spots|#0227"
-86.477205,33.577002,"Love's TS-Moody,AL","I-20 Exit 147|2625 Kelly Creek Rd S, Moody,AL 35004|205-699-2977|97 Truck Parking Spots|#0530|RV Dump/Propane/RV Friendly Parking"
-85.619824,31.427267,"Love's TS-Ozark,AL","HWY 231 Exit 12|3771 S Hwy 231, Ozark,AL 36360|334-445-0323|70 Truck Parking Spots|#0566|RV Dump/Propane/RV Friendly Parking"
-88.110836,30.740477,"Love's TS-Prichard,AL","I-65 Exit 8|2600 W I-65 Service Rd N, Prichard,AL 36612|251-330-2991|73 Truck Parking Spots|#0624|RV Dump/Propane/RV Friendly Parking"
-85.958029,32.405689,"Love's TS-Shorter,AL","I-85 Exit 22|431 Main St, Shorter,AL 36075|334-725-1355|91 Truck Parking Spots|#0577|RV Dump/Propane"
-85.082743,32.536813,"Love's TS-Smiths Station,AL","Exit CR 248 N/280/431|747 Lee Rd 248, Smiths Station,AL 36877|334-291-3059|62 Truck Parking Spots|#0774|RV Dump/RV Friendly Parking"
-86.191228,33.933261,"Love's TS-Steele,AL","I-59 Exit 174|905 Steele Station Rd, Steele,AL 35987|256-538-1964|90 Truck Parking Spots|#0304|RV Dump/Propane/RV Friendly Parking/RV Hookups/Dog Park"
-87.63657983,34.69622184,"Love's TS-Tuscumbia,AL","Hwy 72A Exit Three Mile Lane|2048 Hwy 20, Tuscumbia,AL 35674|256-383-8889|80 Truck Parking Spots|#0580|RV Dump/Propane"
-94.235683,35.5404,"Love's TS-Alma,AR","I-49 Exit 24|8060 Hwy 282, Alma,AR 72921|479-632-0587|55 Truck Parking Spots|#0635|RV Dump/Propane/RV Friendly Parking"
-89.918152,35.884827,"Love's TS-Blytheville,AR","I-55 Exit 63|3910 South Division St, Blytheville,AR 72315|870-776-1126|94 Truck Parking Spots|#0671|RV Dump/Propane/RV Friendly Parking"
-93.48011,35.460072,"Love's TS-Clarksville,AR","I-40 Exit 57|1025 S Crawford St, Clarksville,AR 72830|479-647-7053|114 Truck Parking Spots|#0822|RV Dump/RV Friendly Parking/RV Hookup-4"
-91.567801,34.815645,"Love's TS-Hazen,AR","I-40 Exit 193|3404 Hwy 63 N, Hazen,AR 72064|870-255-1395|111 Truck Parking Spots|#0759|RV Dump/Propane/RV Friendly Parking"
-90.635167,35.803403,"Love's TS-Jonesboro,AR","Hwy 63 Exit 40|5101 East Parker Rd, Jonesboro,AR 72404|870-933-7010|77 Truck Parking Spots|#0607|RV Dump/Propane"
-91.292492,33.330298,"Love's TS-Lake Village,AR","Exit Hwy 82|294 Hwy 82, Lake Village,AR 71653|870-265-9993|52 Truck Parking Spots|#0689|RV Dump/RV Friendly Parking"
-92.412532,34.657287,"Love's TS-Little Rock,AR","I-30 Exit 128|11700 I-30 Frontage Rd, Little Rock,AR 72210|501-407-0227|76 Truck Parking Spots|#0457|RV Friendly Parking"
-92.847079,34.388605,"Love's TS-Malvern,AR","I-30 Exit 97|6716 Hwy 171, Malvern,AR 72104|501-337-9545|79 Truck Parking Spots|#0779|RV Dump/Propane/RV Friendly Parking"
-92.743251,35.172923,"Love's TS-Morrilton,AR","I-40 Exit 107|1600 N Hwy 95, Morrilton,AR 72110|501-354-6701|17 Truck Parking Spots|#0267"
-92.12627,34.786442,"Love's TS-North Little Rock,AR","I-40 Exit 161|11801 E I-40 Fwy, North Little Rock,AR 72117|501-945-5400|64 Truck Parking Spots|#0236"
-93.822309,35.511466,"Love's TS-Ozark,AR","I-40 Exit 37|2229 N 3rd St, Ozark,AR 72949|479-667-5891|19 Truck Parking Spots|#0271"
-90.905235,34.986489,"Love's TS-Palestine,AR","I-40 Exit 233|1010 N Main, Palestine,AR 72372|870-581-5004|90 Truck Parking Spots|#0275|RV Dump"
-91.920146,34.19374,"Love's TS-Pine Bluff,AR","Exit Hwy 81|4800 Hwy 65 S, Pine Bluff,AR 71601|870-536-8274|74 Truck Parking Spots|#0661|RV Friendly Parking"
-93.394759,33.828782,"Love's TS-Prescott,AR","I-30 Exit 46|116 Ron Herrod Rd, Prescott,AR 71857|870-887-1744|112 Truck Parking Spots|#0277|RV Dump/Propane/RV Friendly Parking"
-93.393831,33.827533,"Love's TS-Prescott,AR","I-30 Exit 46/AR Hwy 19|2005 Hwy 19 North, Prescott,AR 71857|870-330-8570|86 Truck Parking Spots|#884|RV Friendly/Dog Park"
-91.7156439,35.21868916,"Love's TS-Searcy,AR","HWY 67 Exit 44|2505 Queensway St, Searcy,AR 72143|501-278-5090|82 Truck Parking Spots|#0557|RV Dump/Propane/RV Friendly Parking"
-90.138622,35.154011,"Love's TS-West Memphis,AR","I-40 Exit 280|800 MLK Dr, West Memphis,AR 72301|870- 732-1272|96 Truck Parking Spots|#0450"
-110.345759,31.962359,"Love's TS-Benson,AZ","I-10 Exit 302|643 S Highway 90, Benson,AZ 85602|520-586-8702|85 Truck Parking Spots|#0460|RV Dump/Propane"
-112.591725,33.431284,"Love's TS-Buckeye,AZ","I-10 Exit 114|1610 S Miller Rd, Buckeye,AZ 85326|623-386-6926|59 Truck Parking Spots|#280|RV Friendly"
-111.962298,33.279875,"Love's TS-Chandler,AZ","I-10 Exit 162|7001 W Sundust Rd, Chandler,AZ 85226|520-796-1185|95 Truck Parking Spots|#0328|RV Friendly Parking"
-111.620665,32.773492,"Love's TS-Eloy,AZ","I-10 Exit 203|Toltec Rd, Eloy,AZ 85131|520-607-5325|129 Truck Parking Spots|#972|RV Friendly Parking/RV Dump/Dog Park"
-111.672093,32.80643,"Love's TS-Eloy,AZ","I-10 Exit 200|5000 N Sunland Gin Rd, Eloy,AZ 85131|520-423-2015|27 Truck Parking Spots|#0265|RV Friendly Parking"
-112.733253,32.94432,"Love's TS-Gila Bend,AZ","I-8 Exit 115|820 W Pima, Gila Bend,AZ 85337|928-683-2210|41 Truck Parking Spots|#0296|RV Dump/Propane/RV Friendly Parking"
-110.311242,34.954751,"Love's TS-Joseph City,AZ","I-40 Exit 277|4703 Main St, Joseph City,AZ 86032|928-288-3726|58 Truck Parking Spots|#0278|RV Dump/Propane/RV Friendly Parking"
-113.90403,35.19925,"Love's TS-Kingman,AZ","I-40 Exit 59|6035 E Minerva Lane, Kingman,AZ 86401|928-681-4405|35 Truck Parking Spots|#0272|RV Dump/Propane/RV Friendly Parking"
-114.315693,34.724188,"Love's TS-Lake Havasu City,AZ","I-40 Exit 9|14875 S Hwy 95, Lake Havasu City,AZ 86404|928-764-1505|85 Truck Parking Spots|#0386"
-112.117729,34.334747,"Love's TS-Mayer,AZ","I-17 Exit 263|14414 S Cross L Rd, Mayer,AZ 86333|928-227-9764|57 Truck Parking Spots|#0722|RV Dump/Propane"
-110.962381,31.428598,"Love's TS-Nogales,AZ","I-19 Exit 12/E Ruby Rd|739 E Frontage Rd, Nogales,AZ 85621|520-860-6132|79 Truck Parking Spots|#350|RV Dump/RV Friendly10/20/23"
-114.241288,33.65724,"Love's TS-Quartzsite,AZ","I-10 Exit 17|760 S Quartzsite Blvd, Quartzsite,AZ 85346|928-927-8570|81 Truck Parking Spots|#0286"
-112.23908,33.457995,"Love's TS-Tolleson,AZ","I-10 Exit 135|8313 Roosevelt St, Tolleson,AZ 85353|623-936-1037|89 Truck Parking Spots|#0659|RV Dump/Propane/RV Friendly Parking"
-109.847324,32.266928,"Love's TS-Willcox,AZ","I-10 Exit 340/Fort Grant Rd|1600 N Fort Grant Rd, Willcox,AZ 85643|520-779-6001|60 Truck Parking Spots|#831|RV Dump/RV Friendly Parking"
-112.193587,35.262781,"Love's TS-Williams,AZ","I-40 Exit 163|1055 N Grand Canyon Blvd, Williams,AZ 86046|928-635-9958|90 Truck Parking Spots|#0553|RV Dump/Propane/RV Friendly Parking"
-110.67318,35.019034,"Love's TS-Winslow,AZ","I-40 Exit 255/Transcon Ln|720 Transcon Ln, Winslow,AZ 86047|928-288-6037|81 Truck Parking Spots|#971|RV Hookup|RV Friendly Parking|RV Dump|Dog Park"
-114.58279,32.686253,"Love's TS-Yuma,AZ","I-8 Exit 3|2931 E Gila Ridge Rd, Yuma,AZ 85365|928-341-9100|80 Truck Parking Spots|#0349|RV Dump/Propane/RV Friendly Parking"
-119.019841,35.267733,"Love's TS-Bakersfield,CA","Hwy 99 Exit 18|1500 Taft Hwy, Bakersfield,CA 93307|661-617-5324|113 Truck Parking Spots|#830|RV Dump/Dog Park"
-117.091748,34.856849,"Love's TS-Barstow,CA","I-15 Exit 178|2974 Lenwood Rd, Barstow,CA 92311|760-253-4080|90 Truck Parking Spots|#0374|RV Friendly Parking"
-117.641426,35.011262,"Love's TS-Boron,CA","Hwy 58 Exit 199|27201 Boron Frontage Rd N, Boron,CA 93526|661-385-6020|85 Truck Parking Spots|#0755"
-116.171266,33.717419,"Love's TS-Coachella,CA","I-10 Exit 146|45-761 Dillon Rd, Coachella,CA 92236|760-775-3401|52 Truck Parking Spots|#0207|RV Dump/RV Friendly Parking"
-122.196352,39.907601,"Love's TS-Corning,CA","I-5 Exit 630|2120 South Ave, Corning,CA 96021|530-824-8767|130 Truck Parking Spots|#0410|RV Dump/Propane/RV Friendly Parking"
-121.39261,38.117395,"Love's TS-Lodi,CA","I-5 Exit 485|15250 North Thornton Rd, Lodi,CA 95242|209-333-9392|75 Truck Parking Spots|#0538|RV Dump/Propane"
-119.65888,35.616981,"Love's TS-Lost Hills,CA","I-5 Exit 278|21948 Hwy 46, Lost Hills,CA 93249|661-797-1800|49 Truck Parking Spots|#0230|RV Dump/Propane"
-120.096207,36.995598,"Love's TS-Madera,CA","Hwy 99 Exit 157|3174 Ave 17, Madera,CA 93637|559-661-1012|95 Truck Parking Spots|#0736|RV Dump/Propane/RV Friendly Parking"
-121.175756,37.462921,"Love's TS-Patterson,CA","I-5 Exit 434|55 S Rogers Rd, Patterson,CA 95363|209-895-5021|91 Truck Parking Spots|#807|RV Dump/Propane/RV Friendly Parking"
-121.14151,37.755193,"Love's TS-Ripon,CA","Hwy 99 Exit 237B|1553 Colony Rd, Ripon,CA 95366|209-599-0740|96 Truck Parking Spots|#0223|RV Dump/Propane/RV Friendly Parking"
-121.617862,36.65899,"Love's TS-Salinas,CA","Hwy 101 Exit 326A|1264 De La Torre, Salinas,CA 93905|831-500-6979|94 Truck Parking Spots|#898|RV Friendly Parking/RV Dump/Dog Park"
-121.016625,37.111363,"Love's TS-Santa Nella,CA","I-5 Exit 407|29025 West Plaza Dr, Santa Nella,CA 95322|209-827-1399|98 Truck Parking Spots|#0441"
-118.40815,35.12607,"Love's TS-Tehachapi,CA","Hwy 58 Exit 151|2000 East Tehachapi Blvd, Tehachapi,CA 93561|661-823-1484|82 Truck Parking Spots|#0392|RV Dump"
-119.330122,36.180909,"Love's TS-Tulare,CA","Hwy 99 Exit 85|2700 S Blackstone St, Tulare,CA 93274|559-686-1400|104 Truck Parking Spots|#0382"
-115.626846,33.036987,"Love's TS-Westmoreland,CA","Hwy 86 Exit Martin Rd|551 W Main St, Westmoreland,CA 92281|760-351-8725|84 Truck Parking Spots|#0749"
-122.141579,39.166946,"Love's TS-Williams,CA","I-5 Exit 578|100 Margurite St, Williams,CA 95987|530-473-3030|103 Truck Parking Spots|#0652|RV Dump/Propane/RV Friendly Parking"
-104.434744,39.741233,"Love's TS-Bennett,CO","I-70 Exit 304|1191 S 1st St, Bennett,CO 80102|303-644-3585|90 Truck Parking Spots|#0300|RV Friendly Parking"
-104.984229,40.305165,"Love's TS-Berthoud,CO","Hwy 56 Exit 250|3800 E Hwy 56, Berthoud,CO 80513|970-532-2507|82 Truck Parking Spots|#0668|RV Dump/Propane/RV Friendly Parking"
-104.823796,39.999483,"Love's TS-Brighton,CO","Hwy 85 Exit E 268 Ave|672 Riverfront Dr, Brighton,CO 80601|303-335-1182|89 Truck Parking Spots|#838|RV Dump|RV Friendly Parking"
-103.639915,40.266661,"Love's TS-Brush,CO","I-76 Exit 89|1015 Hospital Rd, Brush,CO 80723|970-842-9840|100 Truck Parking Spots|#0649|RV Dump/Propane"
-102.277504,39.291364,"Love's TS-Burlington,CO","I-70 Exit 437|582 S Lincoln St, Burlington,CO 80807|719-346-5204|73 Truck Parking Spots|#0644|RV Dump/Propane/RV Friendly Parking"
-105.15618,38.449826,"Love's TS-Canon City,CO","Exit Four Mile Parkway|690 Doc Holliday Dr, Canon City,CO 81212|719-458-6028|54 Truck Parking Spots||#873|RV Dump/Propane/RV Friendly Parking/Dog Park"
-108.608412,37.312947,"Love's TS-Cortez,CO","Exit Rd G/US Hwy 160/491|7006 Hwy 160/491, Cortez,CO 81321|970-516-6001|32 Truck Parking Spots|#850|RV Dump"
-102.78516,38.487838,"Love's TS-Eads,CO","Hwy 287 Exit N of Town|15596 Hwy 287, Eads,CO 81036|719-438-5500|50 Truck Parking Spots|#0653|RV Dump"
-108.646213,39.114154,"Love's TS-Grand Junction,CO","I-70 Exit 26|748 22 Rd, Grand Junction,CO 81505|970-241-3337|80 Truck Parking Spots|#0517|RV Dump/Propane"
-104.649147,40.077008,"Love's TS-Hudson,CO","I-76 Exit 31|201 East Bison Hwy, Hudson,CO 80642|303-536-9900|63 Truck Parking Spots|#0377|RV Dump/Propane/RV Friendly Parking"
-102.62027,38.095707,"Love's TS-Lamar,CO","Hwy 287/50 Exit Larmar Canal Rd|605 N Main, Lamar,CO 81052|719-336-5202|20 Truck Parking Spots|#0023"
-108.043937,39.455511,"Love's TS-Parachute,CO","I-70 Exit 75/CR 215|100 E Cardinal Way [ste A], Parachute,CO 81635|970-285-9200|67 Truck Parking Spots|#826|RV Dump/RV Friendly Parking/RV Hookup-5"
-104.622913,38.342378,"Love's TS-Pueblo,CO","I-25 Exit 104|6470 N Elizabeth St, Pueblo,CO 81008|719-253-1338|35 Truck Parking Spots|#0226"
-104.49018,37.226594,"Love's TS-Trinidad,CO","I-25 Exit 18/El Moro Rd|1001 El Moro Rd, Trinidad,CO 81082|719-967-4032|65 Truck Parking Spots|#1035|RV Friendly Parking/RV Dump/RV Hookup-10 Back-in/Dog Park"
-104.751239,37.615561,"Love's TS-Walsenburg,CO","I-25 Exit 49|99800 I-25, Walsenburg,CO 81089|719-738-2141|46 Truck Parking Spots|#0660|RV Friendly Parking"
-72.259511,41.925687,"Love's TS-Willington,CT","I-84 Exit 71|3 Polster Rd, Willington,CT 2679|860-458-1017|56 Truck Parking Spots|#646|RV Friendly Parking"
-81.800734,28.155314,"Love's TS-Auburndale,FL","I-4 Exit 44|1800 Hwy 559, Auburndale,FL 33868|863-984-7030|160 Truck Parking Spots|#0228|RV Dump/Propane/RV Hookup-10"
-82.147295,28.66811,"Love's TS-Bushnell,FL","I-75 Exit 314|2615 W C-48, Bushnell,FL 33513|352-793-1019|99 Truck Parking Spots|#0708|RV Dump/Propane/RV Friendly Parking"
-85.382736,30.748814,"Love's TS-Cottondale,FL","I-10 Exit 130|2510 Hwy 231, Cottondale,FL 32431|850-352-2041|110 Truck Parking Spots|#0453|RV Friendly Parking"
-81.657694,28.243773,"Love's TS-Davenport,FL","I-4 Exit 55|45000 Hwy 27, Davenport,FL 33897|863-420-3623|67 Truck Parking Spots|#0627|RV Dump/Propane/RV Friendly Parking"
-80.397701,27.413167,"Love's TS-Fort Pierce,FL","I-95 Exit 129|7150 Okeechobee Rd, Fort Pierce,FL 34945|772-460-5777|100 Truck Parking Spots|#0415"
-80.397943,27.445511,"Love's TS-Fort Pierce,FL","I-95 Exit 131B|200 S King Highway, Fort Pierce,FL 34945|772-489-0363|130 Truck Parking Spots|#0467|RV Friendly Parking"
-82.08676,29.601979,"Love's TS-Hawthorne,FL","Hwy 301 Exit SE 57 Ave|5615 SE US Hwy 301, Hawthorne,FL 32640|352-481-0170|71 Truck Parking Spots|#0620|RV Dump/RV Friendly Parking"
-81.67599,30.461534,"Love's TS-Jacksonville,FL","I-295 Exit 33/Duval Rd|12921 Duval Rd, Jacksonville,FL 32218|904-330-3011|77 Truck Parking Spots|#828|RV /Dump/RV Friendly/RV Hookup-5"
-81.986505,30.290772,"Love's TS-Jacksonville,FL","I-10 Exit 343|17110 Brandy Branch Rd, Jacksonville,FL 32234|470-768-6532|94 Truck Parking Spots|#0761|RV Dump/Propane/RV Friendly Parking"
-81.632932,30.516725,"Love's TS-Jacksonville,FL","I-95 Exit 366|400 Pecan Park Rd, Jacksonville,FL 32218|904-696-1463|82 Truck Parking Spots|#0603|RV Dump/Propane/RV Friendly Parking"
-82.933632,30.45212,"Love's TS-Jasper,FL","I-75 Exit 451|11459 SW 61st Way, Jasper,FL 32052|386-792-3095|119 Truck Parking Spots|#0470|RV Friendly Parking"
-82.597821,30.002419,"Love's TS-Lake City,FL","I-75 Exit 414|13700 S Hwy 441, Lake City,FL 32025|386-752-2466|99 Truck Parking Spots|#0714|RV Dump/Propane/RV Friendly Parking"
-81.593656,27.872456,"Love's TS-Lake Wales,FL","Exit CR 17B/Hunt Brothers Rd|17309 Hwy 27, Lake Wales,FL 33853|863-676-4440|68 Truck Parking Spots|#0674|RV Friendly Parking"
-83.297401,30.377124,"Love's TS-Lee,FL","I-10 Exit 262|3204 SE County Rd. 255, Lee,FL 32059|850-971-4115|103 Truck Parking Spots|#0379|RV Dump/Propane/RV Friendly Parking"
-87.030479,30.574249,"Love's TS-Milton,FL","I-10 Exit 26|3840 Garcon Point Rd, Milton,FL 32583|850-564-2654|88 Truck Parking Spots|#0802|RV Dump/RV Friendly Parking"
-81.038453,28.715252,"Love's TS-Mims,FL","Hwy 46 Exit 223|4440 Hwy 46, Mims,FL 32754|321-529-6986|93 Truck Parking Spots|#0868|RV Dump/Propane/RV Friendly Parking"
-81.13194641,26.83494491,"Love's TS-Moore Haven,FL","Hwy 27 Exit SR 78|23073 N US Hwy 27, Moore Haven,FL 33471|863-946-0519|77 Truck Parking Spots|#0683|RV Dump/RV Friendly Parking"
-86.34913814,30.73387853,"Love's TS-Mossy Head,FL","I-10 Exit 70|17750 Hwy 285 Dr S, Mossy Head,FL 32435|850-951-1067|82 Truck Parking Spots|#0561|RV Dump/Propane"
-81.81507,26.71396,"Love's TS-North Fort Myers,FL","I-75 Exit 143|17308 Park 78 Dr, North Fort Myers,FL 33917|239-731-9217|96 Truck Parking Spots|#0495|RV Dump/Propane/RV Friendly Parking"
-82.198425,29.267562,"Love's TS-Ocala,FL","I-75 Exit 358|7791 NW 47th Ave, Ocala,FL 34482|352-368-5719|70 Truck Parking Spots|#0363|RV Friendly Parking"
-81.13478802,29.33992768,"Love's TS-Ormond Beach,FL","I-95 Exit 273|1657 US Hwy 1, Ormond Beach,FL 32174|386-671-9585|69 Truck Parking Spots|#0316|RV Dump/RV Friendly Parking"
-81.349601,29.745791,"Loves TS-St Augustine,FL","I-95 Exit 305/Fl 206|1025 SR 206 W, St Augustine,FL 32086|904-417-9010|64 Truck Parking Spots|#894|RV Dump/RV Friendly Parking"
-84.109251,31.580114,"Love's TS-Albany,GA","Hwy 82E Exit 3|1737 Clark Ave, Albany,GA 31705|229-405-7021|100 Truck Parking Spots|#0808"
-81.571922,31.13755,"Love's TS-Brunswick,GA","I-95 Exit 29|2766 US Hwy 17 S, Brunswick,GA 31523|912-264-2777|78 Truck Parking Spots|#0405|RV Friendly Parking"
-84.915598,34.442816,"Love's TS-Calhoun,GA","I-75 Exit 310|1081 Belwood Rd SE, Calhoun,GA 30701|706-624-8193|93 Truck Parking Spots|#0735|RV Dump/Propane/RV Friendly Parking"
-83.499064,34.227668,"Love's TS-Commerce,GA","I-85 Exit 147|4855 Maysville, Commerce,GA 30529|707-336-0075|114 Truck Parking Spots|#0765|RV Friendly Parking"
-83.756017,31.973352,"Love's TS-Cordele,GA","I-75 Exit 102|1525 E 8th Ave, Cordele,GA 31015|229- 947-6205|92 Truck Parking Spots|#0801|RV Dump/Propane"
-82.981753,32.495759,"Love's TS-Dublin,GA","I-16 Exit 49|3009 Hwy 257, Dublin,GA 31021|478-296-1368|61 Truck Parking Spots|#0320|RV Dump/Propane/RV Friendly Parking"
-81.457728,32.183275,"Love's TS-Ellabell,GA","I-16 Exit 143|11151 Hwy 280E, Ellabell,GA 31308|912-851-5683|146 Truck Parking Spots|#0778|RV Dump/Propane/RV Friendly Parking"
-84.743165,34.118857,"Love's TS-Emerson,GA","I-75 Exit 283|150 Old Allatoona Rd SE, Emerson,GA 30121|770-382-4141|97 Truck Parking Spots|#0359|RV Friendly Parking"
-81.194405,32.103203,"Love's TS-Garden City,GA","Exit Sonny Perdue Dr|2 Sonny Perdue Dr, Garden City,GA 31408|912-645-9651|97 Truck Parking Spots|#0893|Propane/RV Friendly Parking"
-84.871354,33.159438,"Love's TS-Hogansville,GA","I-85 Exit 28|1621 Bass Cross Rd, Hogansville,GA 30230|706-637-4311|56 Truck Parking Spots|#0376|RV Dump/Propane/RV Friendly Parking"
-84.058781,33.207902,"Love's TS-Jackson,GA","I-75 Exit 201|115 Truckstop Way, Jackson,GA 30233|678-752-0041|40 Truck Parking Spots|#0307"
-83.733597,32.717731,"Love's TS-Macon,GA","I-75 Exit 153|1190 Frank Amerson Pkwy, Macon,GA 31216|478-785-8715|119 Truck Parking Spots|#0698|RV Friendly Parking"
-83.497262,33.562384,"Love's TS-Madison,GA","I-20 Exit 113|1500 Monticello Rd, Madison,GA 30650|706-752-0910|108 truck parking spots|#0781|RV Dump/Propane"
-81.331564,31.960662,"Love's TS-Richmond Hill,GA","I-95 Exit 90|8436 Ford Ave, Richmond Hill,GA 31324|912-756-5394|140 Truck Parking Spots|#0338|RV Dump/Propane/RV Friendly Parking"
-81.354338,32.408845,"Love's TS-Rincon,GA","Exit Rahn Station Rd|2600 Hwy 21 S, Rincon,GA 31326|912-205-4027|74 Truck Parking Spots|#0819|RV Dump/RV Friendly Parking"
-82.503612,33.514228,"Love's TS-Thomson,GA","I-20 Exit 172|2129 Washington Rd. NW, Thomson,GA 30824|706-843-9833|79 Truck Parking Spots|#0354|RV Dump/Propane"
-83.503123,31.41573,"Love's TS-Tifton,GA","I-75 Exit 59|178 Southwell Blvd, Tifton,GA 31794|229-382-9118|90 Truck Parking Spots|#0325|RV Dump/Propane/RV Friendly Parking"
-83.298368,30.774407,"Love's TS-Valdosta,GA","I-75 Exit 13|I-75 Old Clyattville Rd, Valdosta,GA 31601|229-588-7706|112 Truck Parking Spots|#550|RV Dump/Propane/RV Hoookup/RV Friendly Parking|Dog Park"
-85.189547,33.691297,"Love's TS-Waco,GA","I-20 Exit 9|523 Atlantic Ave, Waco,GA 30182|770-824-5040|66 Truck Parking Spots|#0311|RV Dump/Propane"
-85.148422,32.877702,"Love's TS-West Point,GA","I-85 Exit 2/Ga Hwy 18|1917 Hwy 18, West Point,GA 31833|706-588-4058|82 Truck Parking Spots|#771|RV Dump/RV Friendly Parking/RV Hookup|Dog Park"
-93.780742,41.613384,"Love's TS-Clive,IA","I-80 Exit 125|11820 Hickman Rd, Clive,IA 50325|515-276-5200|280 Truck Parking Spots|#0411|RV Friendly Parking"
-90.623937,41.604403,"Love's TS-Davenport,IA","I-80 Exit 292|8255 Northwest Blvd, Davenport,IA 52806|563-386-3466|90 Truck Parking Spots|#0476|RV Dump/Propane"
-93.570144,42.310772,"Love's TS-Ellsworth,IA","I-35 Exit 133|1400 Industrial Park Rd, Ellsworth,IA 50075|515-836-4800|110 Truck Parking Spots|#0684|RV Dump/Propane/RV Friendly Parking"
-92.737338,43.121739,"Love's TS-Floyd,IA","Hwy 18 Exit Monroe St|100 Monroe St, Floyd,IA 50435|641-398-2404|80 Truck Parking Spots|#0670|RV Dump/RV Friendly Parking"
-96.211716,42.766895,"Love's TS-Le Mars,IA","Hwy 75 Exit 116/24st St SW|2280 Key Ave SW, Le Mars,IA 51031|712-539-4016|68 Truck Parking Spots|#869|RV Dump/Propane/RV Friendly Parking"
-91.087977,41.393577,"Love's TS-Muscatine,IA","Hwy 61 Exit Grandview Ave|2417 Grandview Ave, Muscatine,IA 52761|563-281-0028|27 Truck Parking Spots|#882|RV Dump/Propane"
-92.999058,41.680428,"Love's TS-Newton,IA","I-80 Exit 168|4400 S 22nd AvE E, Newton,IA 50208|641-791-2410|80 Truck Parking Spots|#0361|RV Dump/Propane/RV Friendly Parking"
-95.827118,41.046177,"Love's TS-Pacific Junction,IA","I-29 Exit 35|57964 188th St, Pacific Junction,IA 57964|712-622-8201|84 Truck Parking Spots|#0704|RV Dump/Propane/RV Friendly Parking"
-95.451919,41.496978,"Love's TS-Shelby,IA","I-80 Exit 34|10 East St, Shelby,IA 51570|712-207-2441|98 Truck Parking Spots|#0426|RV Dump/Propane"
-96.379902,42.434652,"Love's TS-Sioux City,IA","I-29 Exit 143|2525 Singing Hills Blvd, Sioux City,IA 51111|712-224-3675|60 Truck Parking Spots|#0479"
-92.404541,42.462438,"Love's TS-Waterloo,IA","Hwy 63 Exit 227|3301 Greyhound Dr, Waterloo,IA 50701|319-234-4378|65 Truck Parking Spots|#0702|RV Dump/Propane/RV Friendly Parking"
-114.941444,42.924522,"Love's TS-Bliss,ID","I-84 Exit 141|680 Hwy 30, Bliss,ID 83314|208-536-7083|115 Truck Parking Spots|#0812|RV Dump/Propane/RV Friendly Parking/RV Hookup-36"
-113.740836,42.564532,"Love's TS-Heyburn,ID","I-84 Exit 211|260 Centennial Dr, Heyburn,ID 83336|208-434-8777|70 Truck Parking Spots|#0334|RV Dump/RV Friendly Parking"
-112.119846,43.436962,"Love's TS-Idaho Falls,ID","I-15 Exit 113|6737 South 45th West, Idaho Falls,ID 83402|208-529-1904|70 Truck Parking Spots|#0478|RV Dump/Propane/RV Friendly Parking"
-117.00409,47.711161,"Love's TS-Post Falls,ID","I-90 Exit 2|4208 W Expo Pkwy, Post Falls,ID 83854|208-773-4577|90 Truck Parking Spots|#0301|RV Dump/Propane"
-90.015934,41.410638,"Love's TS-Atkinson,IL","I-80 Exit 27|5 S State St, Atkinson,IL 61235|309-936-1488|137 Truck Parking Spots|#0766|RV Dump/Propane/RV Friendly Parking"
-88.190118,41.434337,"Love's TS-Channahon,IL","I-55 Exit 247|23801 W Bluff Rd, Channahon,IL 60410|815-860-6641|91 Truck Parking Spots|#0768"
-89.001468,39.891729,"Love's TS-Decatur,IL","I-72 Exit 138|3925 County Fair Dr, Decatur,IL 62526|217-875-8035|51 Truck Parking Spots|#0746|RV Dump/Propane/RV Friendly Parking"
-88.415184,41.11346,"Love's TS-Dwight,IL","I-55 Exit 220|12 W Northbrook Dr, Dwight,IL 60420|815-584-9545|120 Truck Parking Spots|#0292"
-87.960823,41.998741,"Love's TS-Elk Grove Village,IL","Exit Pratt Blvd|1900 Busse Rd, Elk Grove Village,IL 60007|224-266-6601|17 Truck Parking Spots|#0800"
-87.628944,41.241901,"Love's TS-Grant Park,IL","Exit IL Hwy 17|8316 N Hwy 1, Grant Park,IL 60940|815-465-1005|33 Truck Parking Spots|#0834|Propane"
-88.15399433,39.25209798,"Love's TS-Greenup,IL","I-70 Exit 119|203 N Haughton Hwy, Greenup,IL 62428|217-923-3220|92 Truck Parking Spots|#0688|RV Dump/Propane/RV Friendly Parking"
-89.38752,38.874183,"Love's TS-Greenville,IL","I-70 Exit 45|1900 S State Rd. 127, Greenville,IL 62246|618-664-9287|81 Truck Parking Spots|#0384|RV Friendly Parking"
-89.835345,38.890246,"Love's TS-Hamel,IL","I-55 Exit 30|9191 State Rt 140, Hamel,IL 62046|618-633-2883|100 Truck Parking Spots|#0578|RV Dump/Propane/RV Friendly Parking"
-88.514755,42.148391,"Love's TS-Hampshire,IL","I-90 Exit 42|201 Love's Crossing, Hampshire,IL 60140|847-683-7433|177 Truck Parking Spots|#0763|RV Dump/Propane/RV Friendly Parking"
-88.910841,38.155469,"Love's TS-Ina,IL","I-57 Exit 83|202 North Ave, Ina,IL 62846|618-437-5275|121 Truck Parking Spots|#0318|RV Dump/Propane/RV Friendly Parking"
-87.867238,41.07279,"Love's TS-Kankakee,IL","I-57 Exit 308|3407 S SR 45/52, Kankakee,IL 60901|815-929-1549|90 Truck Parking Spots|#0395"
-90.29441548,40.91874585,"Love's TS-Knoxville,IL","I-74 Exit 51|1405 Knox Hwy 9, Knoxville,IL 61448|309-289-2805|94 Truck Parking Spots|#0685|RV Dump/Propane/RV Friendly Parking"
-88.760803,40.340395,"Love's TS-Le Roy,IL","I-74 Exit 149|505 S Persimmon Dr, Le Roy,IL 61752|309-962-3060|72 Truck Parking Spots|#0367|RV Dump/Propane"
-88.949236,37.74486,"Love's TS-Marion,IL","I-57 Exit 54|1900 The Hill Ave, Marion,IL 62959|618- 944-6409|119 Truck Parking Spots|#0803|RV Dump/Propane"
-90.660524,40.89911,"Love's TS-Monmouth,IL","Exit W 11th Ave|1001 W 11th Ave, Monmouth,IL 61462|309-536-6044|87 Truck Parking Spots|#0804|RV Dump/Propane/RV Friendly Parking"
-89.018089,42.099644,"Love's TS-Monroe Ctr,IL","I-39 Exit 111|16991 E Rte 72, Monroe Ctr,IL 61052|815-393-3416|70 Truck Parking Spots|#0851|Propane/RV Friendly Parking"
-88.365544,41.41519,"Love's TS-Morris,IL","I-80 Exit 116|8909 N Brisbin Rd, Morris,IL 60450|815-705-9259|86 Truck Parking Spots|#859|RV Dump/RV Friendly Parking/RV Hookup-10"
-88.90316,38.277931,"Love's TS-Mount Vernon,IL","I-64 Exit 80|3101 S 10th St, Mount Vernon,IL 62864|618-731-7038|99 Truck Parking Spots|#0824|RV Dump/Propane/RV Friendly Parking"
-89.732292,38.534515,"Love's TS-New Baden,IL","I-64 Exit 27|8690 Richter School Rd, New Baden,IL 62265|618-588-2257|97 Truck Parking Spots|#0583|RV Dump/Propane/RV Friendly Parking"
-88.998009,40.541664,"Love's TS-Normal,IL","I-55 Exit EB-165B/WB-165|2007 N Main St, Normal,IL 61761|309-445-6881|111 Truck Parking Spots|#867|RV Dump"
-87.777889,40.130645,"Love's TS-Oakwood,IL","I-74 Exit 206|17919 Newtown Rd, Oakwood,IL 61858|217-354-3854|67 Truck Parking Spots|#0750|RV Dump/Propane/RV Friendly Parking"
-89.08575,41.294104,"Love's TS-Oglesby,IL","I-39 Exit 54|1001 W Walnut St, Oglesby,IL 61348|815-883-3561|88 Truck Parking Spots|#0529|RV Dump/Propane"
-88.091835,38.711903,"Love's TS-Olney,IL","Exit US Hwy 50|1503 S West St, Olney,IL 62450|618-320-6039|39 truck Parking Spots|#0880|RV Dump"
-89.065996,41.897646,"Love's TS-Rochelle,IL","I-88 Exit 76|400 Steward Rd, Rochelle,IL 61068|815-561-1125|103 Truck Parking Spots|#0754|RV Dump/Propane/RV Friendly Parking"
-89.108392,42.212516,"Love's TS-Rockford,IL","Hwy 20 Exit Main St|4628 S Main St, Rockford,IL 61002|779-238-5956|76 Truck Parking Spots|#0775|RV Dump/Propane/RV Friendly Parking"
-88.998069,42.455985,"Love's TS-Roscoe,IL","I-90 Exit 3|13477 Quality Dr, Roscoe,IL 61073|815-389-1923|120 Truck Parking Spots|#0322|RV Dump/RV Friendly Parking"
-90.130507,38.560415,"Love's TS-Sauget,IL","I-255 Exit 15|2005 Mousette Ln, Sauget,IL 62206|618-332-7706|60 Truck Parking Spots|#0758|RV Dump/RV Friendly Parking"
-87.579831,41.599769,"Love's TS-South Holland,IL","I-94 Exit 73B|1533 E 162nd St, South Holland,IL 60473|708-331-7365|86 Truck Parking Spots|#0606|RV Dump/Propane"
-90.230048,39.689652,"Love's TS-South Jacksonville,IL","I-72 Exit 64|201 Loves Dr, South Jacksonville,IL 62650|217-243-0400|69 Truck Parking Spots|#0687|RV Dump/RV Friendly Parking"
-88.265701,39.792068,"Love's TS-Tuscola,IL","I-57 Exit 212|809 Moore Ave, Tuscola,IL 61953|217-253-6855|85 Truck Parking Spots|#0798|RV Dump/Propane"
-89.00914,41.370086,"Love's TS-Utica,IL","I-80 Exit 81|3020 E 8th Rd, Utica,IL 61373|815-667-4572|69 Truck Parking Spots|#0351|RV Dump/Propane/RV Friendly Parking"
-87.953245,42.488851,"Love's TS-Wadsworth,IL","I-94 Exit 1|43100 Hwy 41, Wadsworth,IL 60083|847-838-4265|113 Truck Parking Spots|#0770|RV Dump/Propane/RV Friendly Parking"
-89.562296,39.960959,"Love's TS-Williamsville,IL","I-55 Exit 109|991 Ann Rutledge Rd, Williamsville,IL 62693|217-566-3448|59 Truck Parking Spots|#0249|RV Dump/Propane"
-88.134121,41.324281,"Love's TS-Wilmington,IL","IL-53 Exit New River Rd|21624 W Alexander Farm Rd, Wilmington,IL 60481|779-232-7015|68 Truck Parking Spots|#425|Dog Park"
-85.050747,41.633593,"Love's TS-Angola,IN","I-69 Exit 348|3443 W Maumee St, Angola,IN 46703|260-665-2810|120 Truck Parking Spots|#0551|RV Dump/Propane/RV Friendly Parking"
-87.260817,41.143355,"Love's TS-Demotte,IN","I-65 Exit 230|11207 W State Rd 10, Demotte,IN 46310|219-987-2202|120 Truck Parking Spots|#0394|RV Friendly Parking"
-87.35664,41.561796,"Love's TS-Gary,IN","I-94 Exit 9|3150 Grant St, Gary,IN 46408|219-981-4646|209 Truck Parking Spots|#0417|RV Dump/Propane"
-85.888806,41.665543,"Love's TS-Goshen,IN","Exit CR 17/4.5 Mi S of I-90|2201 CR 17, Goshen,IN 46258|574-389-1737|85 Truck Parking Spots|#0729|RV Dump/Propane"
-87.55296,38.173601,"Love's TS-Haubstadt,IN","I-64 Exit 25B|901 East 1250 South, Haubstadt,IN 47639|812-768-5838|84 Truck Parking Spots|#0414"
-85.523977,40.887607,"Love's TS-Huntington,IN","Exit Flaxmill Rd|1379 Flaxmill Rd, Huntington,IN 46750|260-504-4051|39 truck Parking Spots|#0879"
-85.557514,39.843649,"Love's TS-Knightstown,IN","I-70 Exit 115|6190 South State Route 109, Knightstown,IN 46148|765-785-2060|89 Truck Parking Spots|#0601|RV Dump/Propane/RV Friendly Parking"
-86.849389,40.452152,"Love's TS-Lafayette,IN","I-65 Exit 175/IN Hwy 25|2400 E 200 N, Lafayette,IN 47905|765-420-7030|64 Truck Parking Spots|#874|RV Dump/Propane/RV Friendly Parking"
-86.357215,38.244473,"Love's TS-Leavenworth,IN","I-64 Exit 92|6582 Hwy 66, Leavenworth,IN 47137|812-739-2020|85 Truck Parking Spots|#0839|RV Dump/Propane/RV Friendly Parking/RV Hookup-9"
-85.548979,40.554335,"Love's TS-Marion,IN","I-69 Exit 264|253 Tippy Ditch Dr, Marion,IN 46952|765-662-6462|59 Truck Parking Spots|#0323|RV Dump/Propane"
-85.7691,38.490532,"Love's TS-Memphis,IN","I-65 Exit 16|13615 Blue Lick Rd, Memphis,IN 47143|812-294-1379|136 Truck Parking Spots|#0355|RV Friendly Parking"
-86.895889,41.652281,"Love's TS-Michigan City,IN","I-94 Exit 34A/US 421|10157 N Love's Ave, Michigan City,IN 46361|219-874-6915|114 Truck Parking Spots|#876|RV Friendly Parking"
-86.478508,39.615839,"Love's TS-Mooresville,IN","I-70 Exit 59|2299 Koger St, Mooresville,IN 46158|317-539-5473|95 Truck Parking Spots|#0254"
-85.844494,39.992521,"Love's TS-Pendleton,IN","I-69 Exit 214|9000 Interpark Dr, Pendleton,IN 46064|317-485-2198|100 Truck Parking Spots|#0600"
-86.473992,39.877254,"Love's TS-Pittsboro,IN","I-74 Exit 61|780 Jeff Gordon Blvd, Pittsboro,IN 46167|317-892-2938|128 Truck Parking Spots|#0319|RV Dump/Propane/RV Friendly Parking"
-86.34932652,41.36227448,"Love's TS-Plymouth,IN","Hwy 30 Exit Pioneer Dr|2952 Gary Dr, Plymouth,IN 46563|574-935-4103|59 Truck Parking Spots|#0633"
-84.933264,39.870945,"Love's TS-Richmond,IN","I-70 Exit 149B|2698 Hwy 35 N, Richmond,IN 47374|765-939-8136|130 Truck Parking Spots|#0222|RV Dump/Propane/RV Friendly Parking"
-85.625449,39.450216,"Love's TS-Saint Paul,IN","I-74 Exit 123|7880 N Old US Hwy 421, Saint Paul,IN 47272|765-525-6808|63 Truck Parking Spots|#0391"
-87.38921754,39.34740689,"Love's TS-Terre Haute,IN","Hwy 41 Exit Harlan Dr|1730 E Harlan Dr, Terre Haute,IN 47802|812-298-9812|70 Truck Parking Spots|#0664|RV Dump/Propane"
-86.130021,40.276444,"Love's TS-Tipton,IN","Hwy 31 Exit CR 28|1875 Campbell Crossing, Tipton,IN 46072|765-963-4167|69 Truck Parking Spots|#0710|RV Dump/Propane/RV Friendly Parking"
-86.044561,39.551328,"Love's TS-Whiteland,IN","I-65 Exit 95|5115 N 300 E, Whiteland,IN 46184|317-535-8741|60 Truck Parking Spots|#0451"
-86.39576,39.979362,"Love's TS-Whitestown,IN","I-65 Exit 133|4155 S Indianapolis Rd, Whitestown,IN 46075|317-769-2330|90 Truck Parking Spots|#0459|RV Friendly Parking"
-84.849625,41.141023,"Love's TS-Woodburn,IN","Hwy 24 Exit SR 101|5959 N SR 101, Woodburn,IN 46797|260-632-0318|76 Truck Parking Spots|#0592|RV Friendly Parking"
-97.25832,38.933406,"Love's TS-Abilene,KS","I-70 Exit 272|2322 Fair Rd, Abilene,KS 67410|785-263-3390|74 Truck Parking Spots|#0732|RV Dump/Propane/RV Friendly Parking"
-97.322461,37.366031,"Love's TS-Belle Plaine,KS","I-35 Exit 26/Kansas Tpke|Mile 26 Kansas Turnpike, Belle Plaine,KS 67013|620-326-5781|35 Truck Parking Spots|#178"
-97.6366294,39.83462441,"Love's TS-Belleville,KS","Hwy 81 Exit 7th St|1356 US HWY 81, Belleville,KS 66935|785-527-2472|65 Truck Parking Spots|#0647|RV Dump/Propane/RV Friendly Parking"
-96.579511,38.095391,"Love's TS-Cassoday,KS","Exit Mile 97 Kansas Tpke|Mile 97 Kansas Trunpike, Cassaday,KS 66842|620-735-4485|17 Truck Parking Spots|#176|LIMITED SERVICES"
-95.477116,37.646185,"Love's TS-Chanute,KS","Hwy 169 Exit 190th Rd|3301 N Blue Comet Dr, Chanute,KS 66720|620-431-0703|38 Truck Parking Spots|#0692|RV Dump/RV Friendly Parking"
-98.428243,37.640311,"Love's TS-Cunningham,KS","Hwy 400 Exit 170th Ave|445 E Leiter Ave, Cunningham,KS 67035|620-298-2061|37 Truck Parking Spots|#0695|RV Friendly Parking"
-99.980839,37.745704,"Love's TS-Dodge City,KS","Hwy 400 Exit E Trail St|2505 E Trail St, Dodge City,KS 67801|620-227-5380|90 Truck Parking Spots|#0558|RV Dump"
-96.98161,37.7661,"Love's TS-El Dorado,KS","Exit Mile 65/Kansas Tpke|Mile 65 Kansas Trunpike, El Dorado,KS I-35|316-536-2324|44 Truck Parking Spots|#177"
-99.560096,38.947691,"Love's TS-Ellis,KS","I-70 Exit 145|200 Washington St, Ellis,KS 67637|785-726-2528|48 Truck Parking Spots|#0455"
-100.833195,37.960709,"Love's TS-Garden City,KS","US Hwy 50/400|3285 E US Hwy 50, Garden City,KS  67846|620-272-0607|30 Truck Parking Spots|#93"
-100.996727,38.000876,"Love's TS-Holcomb,KS","Hwy 50 Exit|1500 N Jones Ave, Holcomb,KS 67851|620-277-2240|50 Truck Parking Spots|#0656"
-95.135161,39.019971,"Love's TS-Lawrence,KS","I-70 Exit Mile 209|209 Kansas Turnpike, Lawrence,KS 66044|785-843-2547|100 Truck Parking Spots|#173"
-100.900791,37.044785,"Love's TS-Liberal,KS","Hwy 54 Exit Hwy 270/83 @ 5th St|1000 E Pancake Blvd, Liberal,KS 67901|620-626-5409|55 Truck Parking Spots|#0632"
-97.61259681,38.36989083,"Love's TS-McPherson,KS","I-135 Exit 60|2400 E Kansas Ave, McPherson,KS 67460|620-241-4078|84 Truck Parking Spots|#0608|RV Dump/Propane/RV Friendly Parking"
-99.89259,39.838867,"Love's TS-Norton,KS","Hwy 36 Exit 2nd St|303 W Holme St, Norton,KS 67654|785-877-5494|NO Truck Parking Spots|#0060|None"
-95.265361,38.572784,"Love's TS-Ottawa,KS","I-35 Exit 183|203 E 27th Ave, Ottawa,KS 66067|785-242-2882|68 Truck Parking Spots|#0258|RV Friendly Parking"
-100.906407,38.464661,"Love's TS-Scott City,KS","HWY 83 Exit|1720 S Main St, Scott City,KS 67871|620-872-5727|53 Truck Parking Spots|#0655|RV Dump/Propane"
-97.940435,38.013969,"Love's TS-South Hutchinson,KS","Hwy 50 Exit Hwy 96|3 Des Moines West, South Hutchinson,KS 67505|620-662-2778|54 Truck Parking Spots|#0703|RV Friendly Parking"
-95.72599,39.082096,"Love's TS-Topeka,KS","Exit NW 17th St|1811 NW Brickyard Rd, Topeka,KS 66618|785-357-8302|75 Truck Parking Spots|#0769|RV Dump"
-95.508871,39.019541,"Love's TS-Topeka,KS","I-70 Exit Mile 188|Mile 188 Kansas Tpke, Topeka,KS 66608|785-379-0417|100 Truck Parking Spots|#175"
-97.320776,37.723653,"Love's TS-Wichita,KS","I-135 Exit 9/21st St|1504 E 21st St N, Wichita,KS 67214|316-789-7800|122 Truck Parking Spots|#958|3 Backin RV Spots|RV Dump/RV Friendly Parking|Dog Park"
-88.31864,37.003735,"Love's TS-Calvert City,KY","I-24 Exit 27|2966 US Hwy 62, Calvert City,KY 42029|270-395-0546|80 Truck Parking Spots|#0348|RV Dump/Propane/RV Friendly Parking"
-84.116242,36.977491,"Love's TS-Corbin,KY","I-75 Exit 29|222 Hwy 770, Corbin,KY 40701|606-526-8099|90 Truck Parking Spots|#0321|RV Dump/Propane/RV Friendly Parking"
-85.8869,37.6547,"Love's TS-Elizabethtown,KY","Exit 133|601 S Ring Rd, Elizabethtown,KY 42701|270-982-2600|63 Truck Parking Spots|#0716|RV Dump/Propane/RV Friendly Parking"
-82.941626,38.341424,"Love's TS-Grayson,KY","I-64 Exit 172|750 N Carol Malone Blvd, Grayson,KY 41143|606-474-6009|50 Truck Parking Spots|#0418"
-87.474561,37.41649,"Love's TS-Hanson,KY","I-69 Exit 120|325 Veterans Dr, Hanson,KY 42413|270-322-9001|63 Truck Parking Spots|#0725|RV Dump/Propane/RV Friendly Parking"
-85.935198,37.201373,"Love's TS-Horse Cave,KY","I-65 Exit 58|4000 L&N Turnpike, Horse Cave,KY 42749|270-786-4000|100 Truck Parking Spots|#0360|RV Dump/Propane/RV Friendly Parking"
-87.455475,36.709475,"Love's TS-Oak Grove,KY","I-24 Exit 86|11700 Ft Campbell Blvd, Oak Grove,KY 42262|270-640-6053|84 Truck Parking Spots|#0782|RV Dump/Propane/RV Friendly Parking"
-84.324506,37.84338,"Love's TS-Richmond,KY","I-75 Exit 95|3799 Colonel Rd, Richmond,KY 40475|859-624-0882|63 Truck Parking Spots|#0291"
-84.572639,38.379574,"Love's TS-Sadieville,KY","I-75 Exit 136|313 Porter Rd, Sadieville,KY 40370|502-857-4878|80 Truck Parking Spots|#0618|RV Friendly Parking"
-85.694363,37.979467,"Love's TS-Shepherdsville,KY","I-65 Exit 116|1090 Cedar Grove Rd, Shepherdsville,KY 40165|502-543-7000|90 Truck Parking Spots|#0238|RV Friendly Parking"
-84.938639,38.69365,"Love's TS-Sparta,KY","I-71 Exit 55|976 Hwy 1039, Sparta,KY 41083|859-567-1140|85 Truck Parking Spots|#0383|RV Dump/Propane"
-85.07025,38.152234,"Love's TS-Waddy,KY","I-64 Exit 43|1940 Waddy Rd, Waddy,KY 40076|502-829-0157|67 Truck Parking Spots|#0303|RV Friendly Parking"
-92.58901,31.3609,"Love's TS-Boyce,LA","I-49 Exit 94|7046 Hwy 1, Boyce,LA 71409|318-448-6025|55 Truck Parking Spots|#0720|RV Dump/Propane/RV Friendly Parking"
-92.19362,30.252771,"Love's TS-Duson,LA","I-10 Exit 92|126 Lexington Dr, Duson,LA 70578|337-873-7880|116 Truck Parking Spots|#0523|RV Dump/Propane/RV Friendly Parking"
-93.983016,32.444532,"Love's TS-Greenwood,LA","I-20 Exit 3|9600 Hwy 80 W, Greenwood,LA 71033|318-938-8986|170 Truck Parking Spots|#0209|RV Dump/Propane"
-93.013108,30.253127,"Love's TS-Lake Charles,LA","I-10 Exit 43|1118 Lowe-Grout Rd, Lake Charles,LA 70647|337-582-4528|50 Truck Parking Spots|#0243|RV Dump/Propane"
-93.566708,32.063604,"Love's TS-Mansfield,LA","I-49 Exit 172|1940 Hwy 84, Mansfield,LA 71052|318-575-5124|67 Truck Parking Spots|#858|RV Dump"
-93.248804,32.581978,"Love's TS-Minden,LA","I-20 Exit 49|13510 Industrial Dr, Minden,LA 71055|318-371-3790|66 Truck Parking Spots|#0289|RV Dump/Propane/RV Friendly Parking"
-91.993279,32.586746,"Love's TS-Monroe,LA","I-20 Exit 124|335 Hwy 594, Monroe,LA 71203|318-816-7101|178 Truck Parking Spots|#0806|RV Dump/Propane"
-91.861366,29.983791,"Love's TS-New Iberia,LA","Hwy 90/Exit 128A/La Hwy 14|715 Hwy 90 West, New Iberia,LA 70560|337-551-6026|63 Truck Parking Spots||#897|3 RV Backin Spots|RV Dump|Dog Park"
-92.073696,30.478381,"Love's TS-Opelousas,LA","I-49 Exit 158|4158 I-49 Service Rd, Opelousas,LA 70570|(371)594-6199|74 Truck Parking Spots|#875|RV Dump/RV Friendly Parking/Dog Park"
-91.242686,30.445527,"Love's TS-Port Allen,LA","I-10 Exit 151|751 Lobdell Hwy S, Port Allen,LA 70767|225-389-9111|44 Truck Parking Spots|#0240|RV Dump/RV Friendly Parking"
-91.963512,30.546703,"Love's TS-Port Barre,LA","Hwy 190 Exit Hwy 103/Saizan Ave|17635 Highway 190, Port Barre,LA 70577|337-585-2527|16 Truck Parking Spots|#0663"
-93.829384,32.595937,"Love's TS-Shreveport,LA","Exit 215/La Hwy 1|5430 N Market St, Shreveport,LA 71107|318-761-7861|109 Truck Parking Spots|#854|RV Dump/RV Friendly Parking/Dog Park"
-91.197692,32.387821,"Love's TS-Tallulah,LA","I-20 Exit 171|227 Hwy 65 S, Tallulah,LA 71282|318-574-6413|67 Truck Parking Spots|#0237|RV Dump/Propane/RV Friendly Parking"
-93.58812,30.17292,"Love's TS-Vinton,LA","I-10 Exit 7|2024A West St, Vinton,LA 70668|337-589-9858|150 Truck Parking Spots|#0362|RV Dump/RV Friendly Parking"
-78.716666,39.672643,"Love's TS-Cumberland,MD","I-68 Exit E46 Exit W47|13300 Ali Ghan Rd NE, Cumberland,MD 21502|301-759-0170|90 Truck Parking Spots|#0537|RV Dump/Propane"
-77.732183,39.700294,"Love's TS-Hagerstown,MD","I-81 Exit 10A|14188 Perini Ave, Hagerstown,MD 21742|301-393-3740|84 Truck Parking Spots|#0682"
-85.660901,42.373667,"Love's TS-Alamo,MI","Hwy 131 Exit 44|7900 Adobe Rd, Alamo,MI 46009|269-903-0294|68 Truck Parking Spots|#0878|RV Friendly Parking"
-83.861055,43.348738,"Love's TS-Bridgeport,MI","I-75 Exit 144|6560 Dixie Hwy, Bridgeport,MI 48722|989-746-9561|87 Truck Parking Spots|#0743|RV Friendly Parking"
-82.92875,42.989282,"Love's TS-Capac,MI","I-69 Exit 176|3191 Capac Rd, Capac,MI 48014|810-395-9690|104 Truck Parking Spots|#0701|RV Friendly Parking"
-83.344116,41.965192,"Love's TS-Frenchtown,MI","I-75 Exit 18|1609 Nadeau Rd, Frenchtown,MI 48161|734-289-4111|100 Truck Parking Spors|#0645|RV Friendly Parking"
-84.66737,42.786261,"Love's TS-Grand Ledge,MI","I-69 Exit 81|7300 W Grand River Ave, Grand Ledge,MI 48837|517-626-7370|103 Truck Parking Spots|#0785|RV Dump/Propane/RV Friendly Parking"
-86.022162,42.783143,"Love's TS-Holland,MI","I-96 Exit 52|9790 Adams St, Holland,MI 49424|616-772-3101|70 Truck Parking Spots|#0742|RV Dump/Propane"
-84.93073,42.280206,"Love's TS-Marshall,MI","I-94 Exit 112|18720 Partello Rd, Marshall,MI 49068|269-781-9203|112 Truck Parking Spots|#0336|RV Dump/Propane"
-83.667496,42.077098,"Love's TS-Milan,MI","Hwy 23 Exit 25|14137 Plank Rd, Milan,MI 48160|734-439-7406|93 Truck Parking Spots|#0757|RV Friendly Parking"
-82.555691,42.863283,"Love's TS-St Clair,MI","I-94 Exit 262|1336 Wadhams Rd, St Clair,MI 48079|810-326-4173|104 Truck Parking Spots|#0745|RV Friendly Parking"
-93.31592,43.6598,"Love's TS-Albert Lea,MN","I-35 Exit 11|2751 E Main St, Albert Lea,MN 56007|507-373-3200|66 Truck Parking Spots|#0337|RV Dump"
-93.022793,45.249037,"Love's TS-Columbus,MN","I-35 Exit 129|15402 Hornsby St NE, Columbus,MN 55025|651-846-1007|87 Truck Parking Spots|#832|RV Friendly Parking"
-94.28563,45.512189,"Love's TS-Rockville,MN","I-94 Exit 164|8708 Crossing Dr, Rockville,MN 56301|320-443-0150|101 Truck Parking Spots|#0842|RV Dump/RV Friendly Parking/RV Hookup-6"
-92.0649,43.953962,"Love's TS-St Charles,MN","I-90 Exit 233|2102 Enterprise Dr, St Charles,MN 55972|507-932-9913|63 Truck Parking Spots|#0844|RV Dump/Propane/RV Friendly Parking"
-94.067828,39.012678,"Love's TS-Bates City,MO","I-70 Exit 31|500 N Hwy D, Bates City,MO 64011|816-625-0801|115 Truck Parking Spots|#0809|RV Dump/Propane/RV Friendly Parking/RV Hookup-5"
-92.563654,39.762037,"Love's TS-Bevier,MO","Hwy 36 Exit Route 0|1402 State Hwy O, Bevier,MO 63532|660-773-5500|100 Truck Parking Spots|#0621|RV Dump/Propane/RV Friendly Parking"
-90.22576,38.00577,"Love's TS-Bloomsdale,MO","I-55 Exit 157|8349 Enterprise Dr, Bloomsdale,MO 63627|573-483-9235|70 Truck Parking Spots|#0488|RV Dump/Propane/RV Friendly Parking"
-92.77955,38.933867,"Love's TS-Boonville,MO","I-70 Exit 101|2501 W Ashley Rd, Boonville,MO 65233|660-882-7770|54 Truck Parking Spots|#0347|RV Dump/Propane"
-90.448305,38.793405,"Love's TS-Bridgeton,MO","Hwy 370 Exit 9|13945 Missouri Bottom Rd, Bridgeton,MO 63044|314-291-9416|94 Truck Parking Spots|#0612|RV Dump/Propane/RV Friendly Parking"
-94.21761,39.732149,"Love's TS-Cameron,MO","I-35 Exit 52|1601 E Evergreen St, Cameron,MO 64429|816-312-6061|124 Truck Parking Spots|#0837|RV Dump/Propane/RV Friendly Parking/RV Hookup-6"
-89.313925,36.919763,"Love's TS-Charleston,MO","I-57 Exit 12/Hwy 62|2461 E Marshall St, Charleston,MO 63834|573-233-7038|76 Truck Parking Spots|#981|5 Backin Parking Spots|RV Dump|Dog Park"
-93.978658,40.466248,"Love's TS-Eagleville,MO","I-35 Exit 106|21022 State Highway N, Eagleville,MO 64442|660-867-5300|50 Truck Parking Spots|#0500|RV Dump/Propane/RV Friendly Parking"
-90.323053,37.567205,"Love's TS-Fredericktown,MO","Hwy 67 Exit Mo Hwy 72|1500 Hwy 72 W, Fredericktown,MO 63645|573-561-8131|63 Truck Parking Spots|#968|6 Backin RV Spots|RV Dump"
-94.35536,38.636049,"Love's TS-Harrisonville,MO","I-49 Exit 158|2611 Brookhart Rd, Harrisonville,MO 64701|816-887-2050|88 Truck Parking Spots|#0616|RV Dump/Propane"
-90.404493,38.256049,"Love's TS-Herculaneum,MO","I-55 Exit 178/McNutt St|1199 McNutt St, Herculaneum,MO 63048|636-543-7202|80 Truck Parking Spots|#887|RV Friendly Parking/RV Dump/Dog Park"
-94.294459,37.340655,"Love's TS-Jasper,MO","I-49 Exit 66|651 E Mercer, Jasper,MO 64755|417-680-3011|61 Truck Parking Spots|#966|Back-in RV Parking/RV Dump/Dog Park"
-94.54436621,37.01294822,"Love's TS-Joplin,MO","I-44 Exit 4|4013 Hwy 43, Joplin,MO 64804|417-206-0684|25 Truck Parking Spots|#0282|RV Dump/Propane/RV Friendly Parking"
-94.476413,39.153097,"Love's TS-Kansas City,MO","Hwy 210 Exit|3201 N Ameristar Dr, Kansas City,MO 64161|816-381-8288|101 Truck Parking Spots|#0786|RV Dump/Propane/RV Friendly Parking"
-89.541289,36.758179,"Love's TS-Matthews,MO","I-55 Exit 58|100 Love's Industrial Dr, Matthews,MO 63867|573-471-4944|90 Truck Parking Spots|#0313|RV Dump/Propane/RV Friendly Parking"
-94.427612,36.879908,"Love's TS-Neosho,MO","I-49 Exit 27|12009 East Hwy 86, Neosho,MO 64850|417-451-2669|82 Truck Parking Spots|#0585|RV Dump/Propane"
-91.454257,38.898083,"Love's TS-New Florence,MO","I-70 Exit 175|482 Tree Farm Rd, New Florence,MO 63363|573-835-3100|94 Truck Parking Spots|#0788|RV Dump/Propane"
-91.402271,39.573995,"Love's TS-New London,MO","Hwy 61 Exit Hwy 19|17550 Highway 19, New London,MO 63459|573-985-5683|112 Truck Parking Spots|#0669|RV Dump/Propane/RV Friendly Parking"
-91.71933,37.981593,"Love's TS-Rolla,MO","I-44 Exit 189|3500 Hy Point Ind Park Dr, Rolla,MO 65401|573-426-5683|89 Truck Parking Spots|#0341|RV Dump/Propane"
-94.786901,39.72238,"Love's TS-Saint Joseph,MO","I-29 Exit 44|4601 S Leonard Rd, Saint Joseph,MO 64507|816-279-8870|80 Truck Parking Spots|#0235|RV Dump/RV Hookup-6"
-90.218238,38.684953,"Love's TS-Saint Louis,MO","I-70 Exit 246A|6124 North BRdway, Saint Louis,MO 63147|314-383-0506|93 Truck Parking Spots|#0461"
-94.104167,37.076446,"Love's TS-Sarcoxie,MO","I-44 Exit 29|2580 High St, Sarcoxie,MO 64862|417-680-303698 Truck Parking Spots|#886|RV Dump/RV Hookup/RV Friendly Parking|Dog Park"
-89.583918,36.854011,"Love's TS-Sikeston,MO","Hwy 60 Exit Hwy 61/62|1401 South Main St, Sikeston,MO 63801|573-472-6428|67 Truck Parking Spots|#0643|RV Dump/Propane/RV Friendly Parking"
-93.11256,37.27699,"Love's TS-Strafford,MO","I-44 Exit 88|400 N State Highway 125, Strafford,MO 65757|417-736-9043|90 Truck Parking Spots|#0458|RV Dump/Propane"
-91.940557,36.975173,"Love's TS-Willow Springs,MO","Exit Industrial Dr Hwy 60/63|1310 E Main St, Willow Springs,MO 65793|417-469-1170|55 Truck Parking Spots|#0783|RV Dump/RV Friendly Parking"
-89.915851,34.351485,"Love's TS-Batesville,MS","I-55 Exit 246|725 Hwy 35 N, Batesville,MS 38606|662-563-1852|78 Truck Parking Spots|#0388|RV Friendly Parking"
-88.933289,30.452111,"Love's TS-Biloxi,MS","I-10 Exit 44|11332 Cedar Lake Rd, Biloxi,MS 39532|228-396-5646|103 Truck Parking Spots|#0402"
-90.072554,32.604052,"Love's TS-Canton,MS","I-55 Exit 119|1545 Peace St, Canton,MS 39046|601-859-9370|33 Truck Parking Spots|#0208|RV Dump/Propane"
-88.378138,33.518509,"Love's TS-Columbus,MS","Hwy 82 Exit Hwy 50|525 Tuscaloosa Rd, Columbus,MS 39702|662-244-4793|60 Truck Parking Spots|#0564|RV Dump/Propane"
-90.155359,32.279214,"Love's TS-Flowood,MS","I-20 Exit 47|730 Hwy 80 E, Flowood,MS 39232|601-420-8324|100 Truck Parking Spots|#0420|RV Dump/Propane"
-89.19060214,30.41866282,"Love's TS-Gulfport,MS","I-10 Exit 28|9240 County Farm Rd, Gulfport,MS 39503|228-832-0199|97 Truck Parking Spots|#0595|RV Dump/Propane/RV Friendly Parking"
-89.302923,31.242397,"Love's TS-Hattiesburg,MS","Hwy 98 Exit Elks Lake Rd|283 Ira Hudson Rd, Hattiesburg,MS 39401|601-255-6466|84 Truck Parking Spots|#565|6 Back-in RV Parking|RV Friendly Parking|RV Dump|Dog Park"
-89.454585,34.745221,"Love's TS-Holly Springs,MS","I-22 Exit 30|929 Hwy 7, Holly Springs,MS 38635|662-504-6074|46 Truck Parking Spots|#0889|RV Dump/Propane/RV Friendly Parking/RV Hookup-6"
-90.630626,33.457669,"Love's TS-Indianola,MS","Hwy 82 Exit Hwy 49W|1212 Hwy 82 East, Indianola,MS 38751|662-887-7885|62 Truck Parking Spots|#0559|RV Dump/Propane/RV Friendly Parking"
-89.342491,32.322441,"Love's TS-Lake,MS","I-20 Exit 96|6138 Lake Norris Rd, Lake,MS 39092|601-775-0011|80 Truck Parking Spots|#0639|RV Dump/Propane"
-88.514251,30.923614,"Love's TS-Lucedale,MS","US Hwy 98 Exit MS Hwy 198/Hooper Rd|2127 Hopper Rd, Lucedale,MS 39452|601-514-3075|42 Truck Parking Spots|#864|RV Dump/RV Friendly Parking"
-89.755754,31.874245,"Love's TS-Magee,MS","Hwy 49 Exit Goodwater Rd|1790 Simpson Hwy 49, Magee,MS 39111|601-849-1817|66 Truck Parking Spots|#0699|RV Dump/Propane"
-90.48603,31.19081,"Love's TS-McComb,MS","I-55 Exit 13|1119 Airport Fernwood Rd, McComb,MS 39648|601-684-3353|75 Truck Parking Spots|#0393|RV Friendly Parking"
-89.687171,30.467383,"Love's TS-Picayune,MS","I-59 Exit 1/MS Hwy 607 S|20 Hwy 607, Picayune,MS 39466|769-717-5068|91 Truck Parking Spots|#860|RV Friendly Parking/Dog Park"
-89.497939,30.846383,"Love's TS-Poplarville,MS","I-59 Exit 29|720 Highway 26E, Poplarville,MS 39470|601-403-9850|70 Truck Parking Spots|#0619|RV Dump/Propane/RV Friendly Parking"
-89.057155,31.78282,"Love's TS-Sandersville,MS","I-59 Exit 104|182 Claiborne Rd, Sandersville,MS 39477|601-778-6087|106 Truck Parking Spots|#848|RV Friendly Parking"
-88.506374,32.411255,"Love's TS-Toomsuba,MS","I-20 Exit 165|113 Will Garrett Rd, Toomsuba,MS 39364|601-632-0096|71 Truck Parking Spots|#343"
-88.791448,34.316253,"Love's TS-Tupelo,MS","I-22 Exit 81|4601 McCullough Blvd, Tupelo,MS 38804|662-840-5343|80 Truck Parking Spots|#398 |RV Friendly Parking"
-90.668129,32.36311,"Love's TS-Vicksburg,MS","I-20 Exit 15|700 Ceres Blvd, Vicksburg,MS 39183|601-636-6088|94 Truck Parking Spots|#0776|RV Dump/Propane"
-88.900539,34.953047,"Love's TS-Walnut,MS","Exit Stinson St|600 Richardson Dr, Walnut,MS 38683|662-223-6762|58 Truck Parking Spots|#0799|RV Friendly Parking"
-88.658088,33.584476,"Love's TS-West Point,MS","Hwy 45A Exit Lagoon Rd|5360 Hwy 45A S, West Point,MS 39773|662-494-0122|67 Truck Parking Spots|#0677|RV Dump/Propane/RV Friendly Parking"
-111.365623,47.475945,"Love's TS-Great Falls,MT","I-15 Exit 277|3219 Airport Dr, Great Falls,MT 59404|406-453-0632|56 Truck Parking Spots|#0789|RV Dump/Propane"
-107.611532,45.748255,"Love's TS-Hardin,MT","I-90 Exit 495/Hwy 47|1270 N State Highway 47, Hardin,MT 59034|406-665-9029|68 Truck Parking Spots|#0679|RV Dump/Propane/RV Friendly Parking"
-114.1336,46.9475,"Love's TS-Missoula,MT","I-90 Exit 96|8077 Hwy 10 W, Missoula,MT 59808|406-721-8386|58 Truck Parking Spots|#0753|RV Dump/Propane/RV Friendly Parking"
-80.98156,35.255267,"Love's TS-Charlotte,NC","I-85 Exit 29|2603 Sam Wilson Rd, Charlotte,NC 28214|704-392-7511|69 Truck Parking Spots|#0714|RV Dump/Propane/RV Friendly Parking"
-78.55693,35.339906,"Love's TS-Dunn,NC","I-95 Exit 77|3948 Hodges Chapel Rd, Dunn,NC 28334|910-892-7230|53 Truck Parking Spots|#0412|Temp Closed"
-81.96337,35.657872,"Love's TS-Marion,NC","I-40 Exit 86|3308 Hwy 226 S, Marion,NC 28752|828-652-3422|60 Truck Parking Spots|#0308"
-79.31352,36.067242,"Love's TS-Mebane,NC","I-40/85 Exit 152|1217 Trollingwood Hawflds Rd, Mebane,NC 27302|919-563-1814|82 Truck Parking Spots|#0667|RV Dump/Propane/RV Friendly Parking"
-81.300658,35.636235,"Love's TS-Newton,NC","Hwy 321 Exit 37/Hwy 10|1760 Southfork Dr, Newton,NC 28658|828-466-6788|104 Truck Parking Spots|#0697"
-79.639914,36.326501,"Love's TS-Reidsville,NC","Hwy 29 Exit 150|2105 Barnes St, Reidsville,NC 27320|336-342-1656|109 Truck Parking Spots|#0741|RV Dump/RV Friendly Parking"
-80.323372,36.225136,"Love's TS-Rural Hall,NC","US Hwy 52/Exit 120|2237 Shore Rd, Rural Hall,NC 27045|336-642-6022|81 Truck Parking Spots|#883|RV Dump/RV Friendly Parking|RV Hookup|Dog Park"
-80.515989,35.608422,"Love's TS-Salisbury,NC","I-85 Exit 71|1105 Peeler Rd, Salisbury,NC 28146|704-630-6767|95 Truck Parking Spots|#0507|RV Dump/Propane"
-80.834955,35.812189,"Love's TS-Statesville,NC","I-40 Exit 154|229 Mocksville Hwy, Statesville,NC 28625|704-838-1539|92 Truck Parking Spots|#0497"
-97.189301,48.570065,"Love's TS-Drayton,ND","I-29 Exit 187|7988 160th Ave NE, Drayton,ND 58225|701-454-3070|63 Truck Parking Spots|#0843||RV Dump/Propane/RV Hookup-6"
-96.844139,46.831448,"Love's TS-Fargo,ND","I-29 Exit 62|3220 39th St S, Fargo,ND 58104|701-281-0761|96 Truck Parking Spots|#0353|RV Friendly Parking"
-100.287746,46.839727,"Love's TX-Sterling,ND","I-94 Exit 182/ND-14 N|3201 Hwy 14, Sterling,ND 58572|59 Truck Parking Spots|#224|RV Hookup/RV Friendly Parking/RV Dump/Dog Park"
-98.005327,46.910606,"Love's TS-Valley City,ND","I-94 Exit 292|1385 8th Ave SW, Valley City,ND 58072|701-760-5015|85 Truck Parking Spots|#0849|RV Dump/Propane"
-103.621242,48.244032,"Love's TS-Williston,ND","Hwy 2 Exit 57th St NW|104E 104th St, Williston,ND 58801|701-572-3578|120 Truck Parking Spots|#0474|RV Friendly Parking"
-97.99822543,40.81884067,"Love's TS-Aurora,NE","I-80 Exit 332|1539 Madison Ave, Aurora,NE 68818|402-694-2802|54 Truck Parking Spots|#0309|RV Dump/Propane"
-97.427622,42.011302,"Love's TS-Norfolk,NE","Hwy 81 Exit Monroe Ave|1300 W Monroe Ave, Norfolk,NE 68701|402-379-2920|79 Truck Parking Spots|#0680|RV Dump/Propane"
-100.72389,41.10262,"Love's TS-North Platte,NE","I-80 Exit 179|3211 S Newberry, North Platte,NE 69101|308-534-4610|88 Truck Parking Spots|#0390|RV Dump/Propane/RV Friendly Parking/Dog Park"
-96.137299,41.157497,"Love's TS-Omaha,NE","I-80 Exit 440|14375 Cornhusker Rd, Omaha,NE 68138|402-970-6705|95 Truck Parking Spots|#0730"
-97.047844,41.452499,"Love's TS-Schuyler,NE","Exit CR 9/Rd E|979 Rd E, Schuyler,NE 68661|402-352-7909|80 Truck Parking Spots|#0784|RV Dump/RV Friendly Parking"
-102.949744,41.109805,"Love's TS-Sidney,NE","I-80 Exit 59|645 Chase Dr, Sidney,NE 69162|308-254-4832|88 Truck Parking Spots|#0625|RV Dump/Propane/RV Friendly Parking"
-96.178653,40.673424,"Love's TS-Syracuse,NE","Hwy 2 Exit Hwy 50|188 N 30th Rd, Syracuse,NE 68446|402-269-2194|68 Truck Parking Spots|#0676|RV Dump/Propane/RV Friendly Parking"
-96.324373,41.312512,"Love's TS-Valley,NE","Hwy 275 Exit E Meigs St|26120 E Meigs St, Valley,NE 68064|402-359-2399|67 Truck Parking Spots|#0631|RV Dump/Propane/RV Friendly Parking"
-74.707648,40.119963,"Love's TS-Bordentown,NJ","I-295 Exit 56 NB Exit 52A SB|2008 Hwy 206 S, Bordentown,NJ 8505|609-324-1005|86 Truck Parking Spots|#0404"
-106.786034,35.063504,"Love's TS-Albuquerque,NM","I-40 Exit 149|12605 Central Ave NW, Albuquerque,NM 87121|505-831-5533|65 Truck Parking Spots|#0614|RV Dump/Propane"
-106.648875,35.107254,"Love's TS-Albuquerque,NM","I-40 Exit 158|2200 6th NW, Albuquerque,NM 87102|505-842-6514|3 Truck Parking Spots|#0210"
-106.793449,34.652957,"Love's TS-Belen,NM","I-25 Exit 191|1903 Camino Del Llano, Belen,NM 87002|505-864-6107|62 Truck Parking Spots|#0726|RV Dump/Propane"
-103.179939,36.445421,"Love's TS-Clayton,NM","Hwy 87 Exit|703 South 1st, Clayton,NM 88415|575-374-9548|10 Truck Parking Spots|#0022|RV Dump"
-103.144305,34.394791,"Love's TS-Clovis,NM","Hwy 60 Exit CR G|4700 Mabry Dr, Clovis,NM 88101|575-762-2966|50 Truck Parking Spots|#0329"
-103.120598,32.435163,"Love's TS-Eunice,NM","Exit Hwy 234/Andrews|16 Andrews Hwy, Eunice,NM 88231|575-394-0015|83 Truck Parking Spots|#0760|RV Dump/RV Friendly Parking"
-108.834627,35.505618,"Love's TS-Gallup,NM","I-40 Exit 16|3380 W 66th, Gallup,NM 87301|505-863-3849|36 Truck Parking Spots|#0215"
-106.921622,32.269463,"Love's TS-Las Cruces,NM","I-10 Exit 132|8993 Robert Larson Blvd, Las Cruces,NM 88005|575-527-5102|16 Truck Parking Spots|#0259"
-105.207567,35.619377,"Love's TS-Las Vegas,NM","I-25 Exit 347|2401 N Grand Ave, Las Vegas,NM 87701|505-425-9453|32 Truck Parking Spots|#0733|RV Dump/Propane/RV Friendly Parking"
-108.73557,32.353872,"Love's TS-Lordsburg,NM","I-10 Exit 20 WB/20B EB|900 W Motel Dr, Lordsburg,NM 88045|575-542-8462|82 Truck Parking Spots|#0276|RV Dump"
-107.899903,35.183232,"Love's TS-Milan,NM","I-40 Exit 79|257 Horizon Blvd, Milan,NM 87021|505-287-2981|66 Truck Parking Spots|#0257"
-104.637716,34.946713,"Love's TS-Santa Rosa,NM","I-40 Exit 277|1028 State Hwy 156, Santa Rosa,NM 88435|575-472-1160|110 Truck Parking Spots|#0285|RV Dump"
-106.692581,31.864838,"Love's TS-Santa Teresa,NM","Exit Airport Rd|2401 Airport Rd, Santa Teresa,NM 88008|575-619-6090|86 Truck Parking Spots|#0817|RV Dump/Propane/RV Hookup-6"
-103.7014956,35.15868274,"Love's TS-Tucumcari,NM","I-40 Exit 333|1900 Mountain Rd, Tucumcari,NM 88401|575-461-1900|160 Truck Parking Spots|#0262|RV Dump/Propane"
-116.107481,40.723823,"Love's TS-Carlin,NV","I-80 Exit 280/Hwy 766|2001 SR 766, Carlin,NV 89822|775-754-2020|72 Truck Parking Spots|#978|RV Friendly Parking/RV Dump/RV Hookup Backin-5/Dog Park"
-114.869115,39.242743,"Love's TS-Ely,NV","Hwy 50/93 Exit Hwy 6|1701 Great Basin Blvd, Ely,NV 89301|775-289-3520|48 Truck Parking Spots|#0691|RV Dump/RV Friendly Parking"
-119.266446,39.618046,"Love's TS-Fernley,NV","I-80 Exit 46|825 Commerce Center Dr, Fernley,NV 89408|775-575-2200|94 Truck Parking Spots|#0246|RV Dump"
-114.672304,41.982285,"Love's TS-Jackpot,NV","Exit Progressive Dr US Hwy 93|1563 US Hwy 93, Jackpot,NV 89825|775-755-2819|44 Truck Parking Spots|#891|RV Dump/RV Friendly Parking"
-114.89474,36.38071,"Love's TS-Las Vegas,NV","I-15 Exit 64|12501 Apex Great Basin Way, Las Vegas,NV 89105|702-643-7398|80 Truck Parking Spots|#0340|RV Dump/Propane/RV Friendly Parking"
-117.253181,38.079307,"Love's TS-Tonopah,NV","Exit Radar Rd US Hwy 95/6|1170 US Hwy 95, Tonopah,NV 89049|775-477-6002|44 Truck Parking Spots|#857|RV Dump/RV Friendly Parking"
-114.959945,41.098956,"Love's TS-Wells,NV","I-80 Exit 352|157 Hwy 93 S, Wells,NV 89835|775-752-9915|70 Truck Parking Spots|#0365|RV Dump/RV Friendly Parking"
-117.757413,40.951123,"Love's TS-Winnemucca,NV","I-80 Exit 176|3550 W Winnemucca Blvd, Winnemucca,NV 89445|775-375-3070|67 Truck Parking Spots|#0797|RV Dump/Propane/RV Friendly Parking"
-77.362755,42.376755,"Love's TS-Bath,NY","Exit 37/NY Hwy 53|7748 Rte 53, Bath,NY 14810|607-622-1150|67 Truck Parking Spots|#0772|RV Friendly Parking"
-75.836097,42.101864,"Love's TS-Binghamton,NY","I-81 Exit 3|2 Industrial Park Dr, Binghamton,NY 13904|607-651-9153|72 Truck Parking Spots|#0403"
-73.430503,42.363747,"Love's TS-Canaan,NY","I-90 Exit B3|12845 Route 22, Canaan,NY 12029|518-781-4040|57 Truck Parking Spots|#0611|RV Friendly Parking"
-79.743629,42.258835,"Love's TS-Ripley,NY","I-90 Exit 61|6201 Shortman Rd, Ripley,NY 14775|716-736-2023|73 Truck Parking Spots|#0833|RV Dump/Propane/RV Friendly Parking"
-76.847761,42.964412,"Love's TS-Waterloo,NY","I-90 Exit 41|1262 Rte 414, Waterloo,NY 13165|315-835-7244|78 Truck Parking Spots|#0820|RV Dump/Propane/RV Friendly Parking"
-75.921886,44.002115,"Love's TS-Watertown,NY","I-81 Exit 47/Sr 12|23425 SR 12, Watertown,NY 13601|315-221-7018|71 Truck Parking Spots|#870|RV Hookup/RV Friendly Parking/Dog Park"
-83.725685,40.371803,"Love's TS-Bellefontaine,OH","Exit OH Hwy 540/Sandusky Ave|2001 Hwy 540, Bellefontaine,OH 43311|937-565-6089|126 Truck Parking Spots|#0810|RV Dump/Propane/RV Friendly Parking/RV Hookup-5"
-82.54609,40.6523,"Love's TS-Belleville,OH","I-71 Exit 165|976 SR 97 W, Belleville,OH 44813|419-886-0034|73 Truck Parking Spots|#0711|RV Dump/Propane"
-81.053671,40.056855,"Love's TS-Belmont,OH","I-70 Exit 208/OH 149|66320 Belmont Morristown Rd, Belmont,OH 43718|740-330-6000|121 Truck Parking Spots|#563|4 Back-in RV Hookup|Dog Park"
-82.296051,38.875395,"Love's TS-Bidwell,OH","Hwy 35 Exit SR 850|2008 State Route 850, Bidwell,OH 45614|740-245-0089|80 Truck Parking Spots|#0594|RV Dump/Propane/RV Friendly Parking"
-81.995846,40.996205,"Love's TS-Burbank,OH","I-71 Exit 204|10145 Avon Lake Rd, Burbank,OH 44214|330-624-1000|120 Truck Parking Spots|#0332|RV Dump/Propane/RV Friendly Parking"
-82.95828,39.556927,"Love's TS-Circleville,OH","Hwy 23 Exit Pittsburgh Rd|25727 Duroc St, Circleville,OH 43113|740-474-4126|101 Truck Parking Spots|#0690|RV Dump/Propane"
-80.570699,41.914023,"Love's TS-Conneaut,OH","I-90 Exit 241|2 Love's Dr, Conneaut,OH 44030|440-593-6816|80 Truck Parking Spots|#0389|RV Friendly Parking"
-84.208982,39.733385,"Love's TS-Dayton,OH","I-75 Exit 51|2217 S Edwin C Moses Blvd, Dayton,OH 45417|937-222-5202|120 Truck Parking Spots|#0427"
-84.312626,40.847803,"Love's TS-Delphos,OH","US Hwy 30 Exit Lincoln Hwy|1910 E 5th St, Delphos,OH 45933|740-340-3166|86 Truck Parking Spots|#555|RV Dump|Propane|Dog Park"
-81.050301,41.106778,"Love's TS-Diamond,OH","I-76 Exit 48|4352 SR 225, Diamond,OH 44412|234-863-4940|93 Truck Parking Spots|#0881|RV Friendly Parking"
-84.767119,41.628188,"Love's TS-Edon,OH","I-80/90 Exit 2|14553 SR 49, Edon,OH 43518|419-272-1517|111 Truck Parking Spots|#0748|RV Friendly Parking"
-86.675818,39.938666,"Love's TS-Etna,OH","I-70 Exit 117|9901 Schuster Way, Etna,OH 43018|740-963-7135|117 Truck Parking Spots|#0892|RV Dump/Propane/RV Friendly Parking"
-80.569726,41.173128,"Love's TS-Hubbard,OH","I-80 Exit 234|2586 N Main St, Hubbard,OH 44425|330-534-1800|85 Truck Parking Spots|#0370|RV Friendly Parking"
-83.612786,39.620768,"Love's TS-Jeffersonville,OH","I-71 Exit 65|13023 US 35, Jeffersonville,OH 43128|740-948-2342|95 Truck Parking Spots|#0352|RV Dump/Propane/RV Friendly Parking"
-82.670218,39.716633,"Love's TS-Lancaster,OH","US Hwy 33 Exit 150|3799 Lancaster Circleville Rd SW, Lancaster,OH 43130|740-277-4740|60 Truck Parking Spots|#872|RV Dump/RV Friendly Parking/Propane/RV Hookup-6"
-81.045099,41.756417,"Love's TS-Madison,OH","I-90 Exit 212|1601 Great Lakes Way, Madison,OH 44057|440-307-6005|91 Truck Parking Spots|#863|RV Friendly/RV Dump/RV Hookup-7"
-84.107597,41.41663,"Love's TS-Napoleon,OH","Hwy 6/24 Exit 38|775 American Rd, Napoleon,OH 43545|419-766-6036|80 Truck Parking Spots|#0841|RV Dump/Propane/RV Friendly Parking"
-83.65166739,41.17381921,"Love's TS-North Baltimore,OH","I-75 Exit 167|13190 Deshler Rd, North Baltimore,OH 45872|419-257-2600|65 Truck Parking Spots|#0356|RV Friendly Parking"
-81.437126,40.89893,"Love's TS-North Canton,OH","I-77 Exit 112|4898 Shuffel St NW, North Canton,OH 44720|330-526-7126|70 Truck Parking Spots|#0813|Propane"
-80.658458,40.962632,"Love's TS-North Lima,OH","I-76 Exit 232/OH Hwy 7|10727 Market St, North Lima,OH 44452|108 Truck Parking Spots|#504|RV Dump|Propane|Dog Park"
-82.936746,39.844463,"Love's TS-Obetz,OH","I-270 Exit 49|6023 Alum Creek Dr, Obetz,OH 43137|614-491-8477|120 Truck Parking Spots|#0744|RV Friendly Parking"
-83.466545,41.537423,"Love's TS-Perrysburg,OH","I-280 Exit 1B|26530 Baker Rd, Perrysburg,OH 43551|419-837-0071|120 Truck Parking Spots|#0456|RV Friendly Parking"
-84.185979,40.264251,"Love's TS-Sidney,OH","I-75 Exit 90|2241 Fair Rd, Sidney,OH 45365|937-492-1163|130 Truuk Parking Spots|#0747|RV Friendly Parking"
-83.722517,39.893548,"Love's TS-Springfield,OH","I-70 Exit 59|1725 Ridge Rd, Springfield,OH 45502|937-325-2961|112 Truck Parking Spots|#0605|RV Dump/Propane"
-83.300795,40.855721,"Love's TS-Upper Sandusky,OH","Hwy 30/23 Exit Hwy 199|1301 N Warpole St, Upper Sandusky,OH 43351|419-209-0950|68 Truck Parking Spots|#0693|RV Dump/Propane/RV Friendly Parking"
-83.335384,39.95663,"Love's TS-West Jefferson,OH","I-70 Exit 80/OH-29|540 Timmons Way, West Jefferson,OH 43162|614-379-9312|80 Truck Parking Spots|#969|RV Friendly Parking"
-81.90321,39.968384,"Love's TS-Zanesville,OH","I-70 Exit 160|605 Sonora Rd, Zanesville,OH 43701|740-453-8506|80 Truck Parking Spots|#0221|RV Dump/Propane"
-97.17081337,34.18830122,"Love's TS-Ardmore,OK","I-35 Exit 32|3201 NW 12th, Ardmore,OK 73401|580-226-0973|86 Truck Parking Spots|#0266"
-96.141136,34.366982,"Love's TS-Atoka,OK","Hwy 69 Exit|1935 S Mississippi Ave, Atoka,OK 74525|580-889-9394|22 Truck Parking Spots|#0268"
-95.218499,36.567483,"Love's TS-Big Cabin,OK","I-44 Exit 283|437071 E 310 Rd, Big Cabin,OK 74332|918-783-5376|79 Truck Parking Spots|#0727|RV Dump/Propane/RV Friendly Parking"
-102.5003,36.729194,"Love's TS-Boise City,OK","Hwy 287 Exit Foreman Ave|1100 East Main St, Boise City,OK 73933|580-544-4431|60 Truck Parking Spots|#0302"
-96.83464,35.72777,"Love's TS-Chandler,OK","I-44 Exit Mile 169 9EB Only)|169E Turner Tpke, Chandler,OK 74834|405-258-4110|140 Truck Parking Spots|#170|RV Friendly"
-97.889421,35.081871,"Love's TS-Chickasha,OK","I-44/HE Bailey Tpke Exit Mile 85|1896 HE Bailey Tpke, Chickasha,OK 73018|405-224-0671|24 Truck Parking Spots|#167"
-97.26685,35.395543,"Love's TS-Choctaw,OK","I-40 Exit 166|7401 S Choctaw Rd, Choctaw,OK 73020|405-391-3855|85 Truck Parking Spots|#0486"
-95.342987,36.163483,"Love's TS-Chouteau,OK","Hwy 412 Exit Hwy 69|4564 W 590, Chouteau,OK 74337|918-476-4691|25 Truck Parking Spots|#0295|RV Dump/Propane"
-98.870785,35.518198,"Love's TS-Clinton,OK","I-40 Exit 71|10331 N 2310 Rd, Clinton,OK 73601|580-323-1022|18 Truck Parking Spots|#0248"
-96.500253,33.881314,"Love's TS-Colbert,OK","Hwy 69 Exit Platter Rd|2150 Leavenworth Trail, Colbert,OK 74730|580-296-5940|87 Truck Parking Spots|#0373|RV Dump/Propane"
-96.428993,33.998253,"Love's TS-Durant,OK","Exit W Main St|5278 W Main St, Durant,OK 74701|580-634-0905|13 Truck Parking Spots|#0821|RV Dump"
-97.903071,35.497075,"Love's TS-El Reno,OK","I-40 Exit 127|3900 S Radio Rd, El Reno,OK 73036|405-422-1904|95 Truck Parking Spots|#0737|RV Dump/Propane"
-99.372528,35.423039,"Love's TS-Elk City,OK","I-40 Exit 41|2703 East Highway 66, Elk City,OK 73644|580-225-9162|10 Truck Parking Spots|#0201"
-97.819586,36.399771,"Love's TS-Enid,OK","Hwy 412 Exit N 42nd St|4104 E Randolph, Enid,OK 73701|580-237-1901|63 Truck Parking Spots|#0630|RV Friendly Parking"
-99.869543,35.224054,"Love's TS-Erick,OK","I-40 Exit 7|901 N Sheb Wooley Ave, Erick,OK 73645|580-526-3345|52 Truck Parking Spots|#0253"
-95.58816845,35.30576691,"Love's TS-Eufaula,OK","Hwy 69 Exit Bus 69|1601 Birkes Rd, Eufaula,OK 74432|918-689-9444|70 Truck Parking Spots|#0204|RV Dump/Propane"
-97.39260804,35.8791636,"Love's TS-Guthrie,OK","I-35 Exit 157|2700 E Highway 33, Guthrie,OK 73044|405-260-1493|105 Truck Parking Spots|#0604|RV Dump/Propane/RV Friendly Parking/RV Hookup-8"
-98.351492,35.526555,"Love's TS-Hinton,OK","I-40 Exit 101|4400 N Broadway, Hinton,OK 73047|405-542-3836|90 Truck Parking Spots|#0385|RV Dump/Propane"
-101.20904,36.859012,"Love's TS-Hooker,OK","Hwy 54 Exit Hwy 94|201 W Hwy 54, Hooker,OK 73945|580-652-2001|33 Truck Parking Spots|#0046"
-98.401628,34.713757,"Love's TS-Lawton,OK","I-44 Exit 45|24169 State Hwy 49, Lawton,OK 73507|580-529-2882|29 Truck Parking Spots|#0263"
-95.825601,34.907161,"Love's TS-McAlester,OK","Indian Nation Turnpike Exit 66|MM 66 Indian Nation Turnpike, McAlester,OK 74501|918-421-8940|30 Truck Parking Spots|#171"
-95.421201,35.852881,"Love's TS-Muskogee,OK","Exit Mile 25 Muskogee Tpke|498 Muskogee Tpke, Muskogee,OK 74401|918-683-4821|24 Truck Parking Spots|#166|RV Friendly Parking"
-97.601218,35.277217,"Love's TS-Newcastle,OK","I-44 Exit 107/24th St|235 NW 24th St, Newcastle,OK 73065|405-387-2660|48 Truck Parking Spots|#0712|RV Dump/RV Friendly Parking"
-97.49899,35.183634,"Love's TS-Norman,OK","I-35 Exit 106|5317 SE 44th St, Norman,OK 73072|405-364-0059|20 Truck Parking Spots|#0260"
-95.629436,36.719719,"Love's TS-Nowata,OK","Hwy 169 Exit|106 Airport Dr, Nowata,OK 74048|918-273-5640|38 Truck Parking Spots|#0636|RV Dump/Propane"
-96.30056,35.420881,"Love's TS-Okemah,OK","I-40 Exit 221|102 W Coplin St, Okemah,OK 74859|918-623-2024|14 Truck Parking Spots|#0274"
-97.43609,35.594214,"Love's TS-Oklahoma City,OK","I-35 Exit 137|12225 N I-35, Oklahoma City,OK 73131|405-478-5766|18 Truck Parking Spots|#205"
-97.495873,35.377871,"Love's TS-Oklahoma City,OK","I-35 Exit 120|845 SE 89th, Oklahoma City,OK 73149|405-632-3566|20 Truck Parking Spots|#0211"
-97.688649,35.457659,"Love's TS-Oklahoma City,OK","I-40 Exit 140|800 S Morgan Rd, Oklahoma City,OK 73128|405-789-0087|20 Truck Parking Spots|#0203"
-95.963043,35.636013,"Love's TS-Okmulgee,OK","Hwy 75 Exit E Box Ave|1300 N Wood Dr, Okmulgee,OK 74447|918-758-4362|59 Truck Parking Spots|#0675"
-97.24247155,34.70854167,"Love's TS-Pauls Valley,OK","I-35 Exit 70|1601 Airline Rd, Pauls Valley,OK 73075|405-207-9692|72 Truck Parking Spots|#0452|RV Dump/Propane"
-97.3251,36.290709,"Love's TS-Perry,OK","I-35 Exit 186|2805 W Fir St, Perry,OK 73077|580-572-6205|60 Truck Parking Spots|#865|RV Dump/RV Friendly Parking/RV Hookup-6"
-98.49834,34.173112,"Love's TS-Randlett,OK","I-44 Exit 5|251344 Hwy 70, Randlett,OK 73562|580-281-3563|59 Truck Parking Spots|#0734"
-96.670651,35.381615,"Love's TS-Seminole,OK","I-40 Exit 200|11268 Hwy 99, Seminole,OK 74868|405-382-7714|16 Truck Parking Spots|#0219"
-96.689931,35.751801,"Love's TS-Stroud,OK","Exit Mile 78 Turner Tpke|Mile 178 Turner Tpke, Stroud,OK 74079|918-968-2208|100 Truck Parking Spots|#169|RV Friendly Parking"
-101.774669,36.506305,"Love's TS-Texhoma,OK","Hwy 54 Exit|1430 Hwy 54 E, Texhoma,OK 73949|580-423-6126|39 Truck Parking Spots|#0638|RV Dump/Propane/RV Friendly Parking"
-97.342011,36.651021,"Love's TS-Tonkawa,OK","I-35 Exit 211|16501 W Fountain Rd, Tonkawa,OK 74653|580-628-5335|80 Truck Parking Spots|#0213|RV Dump/Propane"
-97.938429,35.405613,"Love's TS-Union City,OK","Hwy 81 Exit SW 59th St|21000 SW 59th, Union City,OK 73090|405-483-5600|30 Truck Parking Spots|#0654"
-95.1017289,34.0038589,"Love's TS-Valliant,OK","Hwy 70 Exit Grays Ferry Rd|701 West Wilson Ave, Valliant,OK 74764|580-933-5683|36 Truck Parking Spots|#0648"
-98.409611,34.370171,"Love's TS-Walters,OK","HE Bailey Turnpike Exit MM 21|Mile 21 HE Bailey Turnpike, Walters,OK 73572|580-875-3992|20 Truck Parking Spots|#168"
-98.394745,35.840683,"Love's TS-Watonga,OK","Exit East of N2580 Rd|1520 E Russworm Dr, Watonga,OK 73772|580-623-2206|50 Truck Parking Spots|#0794|RV Dump"
-95.149265,35.48604,"Love's TS-Webbers Falls,OK","I-40 Exit 287|214 South Hwy 100, Webbers Falls,OK 74470|918-464-2865|80 Truck Parking Spots|#0255|RV Dump/Propane"
-94.573608,36.175478,"Love's TS-West Siloam Springs,OK","Hwy 412 Exit Sassafras St|3033 Hwy 412, West Siloam Springs,OK 74338|918-422-4300|41 Truck Parking Spots|#0658|RV Friendly Parking"
-123.0556,44.698916,"Love's TS-Albany,OR","I-5 Exit 238|6457 Old Salem Rd NE, Albany,OR 97321|541-928-1900|72 Truck Parking Spots|#0728|RV Dump/Propane/RV Friendly Parking"
-117.807806,44.784961,"Love's TS-Baker City,OR","I-84 Exit 304/Campbell St|200 Campbell St, Baker City,OR 97814|541-239-6009|81 Truck Parking Spots|#569|RV Dump|RV Hookup|RV Friendly Parking|Dog Park"
-119.800073,45.826755,"Love's TS-Boardman,OR","I-84 Exit 159|78665 Tower Rd, Boardman,OR 97818|541-481-2934|95 Truck Parking Spots|#0650|RV Friendly Parking"
-121.79271,42.254391,"Love's TS-Klamath Falls,OR","Exit Dan Obrien Way|250 Dan O'Brien Way, Klamath Falls,OR 97601|541-363-4499|94 Truck Parking Spots|#0823|Propane/RV Friendly Parking"
-121.137949,44.612057,"Love's TS-Madras,OR","Exit Hall Rd|1678 SE Hwy 97, Madras,OR 97741|541-675-6008|82 Truck Parking Spots|#0795|RV Dump/RV Friendly Parking"
-116.977143,44.045823,"Love's TS-Ontario,OR","I-84 Exit 374|1041 NW Washington Ave, Ontario,OR 97914|541-823-8282|50 Truck Parking Spots|#0372|RV Friendly Parking"
-123.367895,43.150503,"Love's TS-Roseburg,OR","I-5 Exit 119|280 Grant Smith Rd, Roseburg,OR 97470|541-679-1916|76 Truck Parking Spots|#0312|RV Dump"
-122.391746,45.543644,"Love's TS-Troutdale,OR","I-84 Exit 17|400 NW Frontage Rd, Troutdale,OR 97060|503-665-7741|100 Truck Parking Spots|#0449"
-79.060482,41.160141,"Love's TS-Brookville,PA","I-80 Exit 81|1373 Rte 28, Brookville,PA 15825|814-646-6014|130 Truck Parking Spots|#0829|RV Dump/RV Friendly Parking/RV Hookup-7"
-77.144086,40.230349,"Love's TS-Carlisle,PA","I-81 Exit 52|1165 Harrisburg Pike, Carlisle,PA 17013|717-240-0055|108 Truck Parking Spots|#0407"
-76.111101,40.517378,"Love's TS-Hamburg,PA","I-78 Exit 23|3700 Mountain Rd, Hamburg,PA 19526|610-488-8840|59 Truck Parking Spots|#0358"
-76.515328,40.450148,"Love's TS-Jonestown,PA","I-81 Exit 90|22 Old Forge Rd, Jonestown,PA 17038|717-861-7390|84 Truck Parking Spots|#0366|RV Friendly Parking"
-76.720486,40.225956,"Love's TS-Londonderry,PA","Hwy 283 Exit Vine St|3555 Vine St, Londonderry,PA 17057|717-948-1840|71 Truck Parking Spots|#0535"
-76.318757,41.026768,"Love's TS-Mifflinville,PA","I-80 Exit 242|440 W 3rd, Mifflinville,PA 18631|570-752-9013|74 Truck Parking Spots|#0324|RV Dump/Propane"
-80.126638,41.035562,"Love's TS-Slippery Rock,PA","I-79 Exit 105|1011 New Castle Rd, Slippery Rock,PA 16057|724-530-2965|48 Truck Parking Spots|#0731|RV Dump/Propane"
-81.478429,35.156688,"Love's TS-Blacksburg,SC","I-85 Exit 104|116 Priester Rd, Blacksburg,SC 29702|864-839-1543|94 Truck Parking Spots|#0397|RV Friendly Parking"
-80.993392,33.9537,"Love's TS-Cayce,SC","I-77 Exit 5|2015 Bluff Rd, Cayce,SC 29033|803-799-8787|92 Truck Parking Spots|#0657|RV Friendly Parking"
-79.41594,34.419584,"Love's TS-Dillon,SC","I-95 Exit 190|1911 Hwy 34 W, Dillon,SC 29536|843-774-2255|120 Truck Parking Spots|#0371"
-80.747453,34.141973,"Love's TS-Elgin,SC","I-20 Exit 87|701 White Pond Rd, Elgin,SC 29045|803-408-0275|103 Truck Parking Spots|#0751|RV Dump/Propane/RV Friendly Parking"
-82.96193,34.50482,"Love's TS-Fair Play,SC","I-85 Exit 4|4238 Old Dobbins Bridge Rd, Fair Play,SC 29643|864-287-5589|92 Truck Parking Spots|#0387|RV Friendly Parking"
-80.977899,35.000639,"Love's TS-Fort Mill,SC","I-77 Exit 83|135 Sutton Ridge Ln, Fort Mill,SC 29708|803-802-7130|44 Truck Parking Spots|#0333|RV Dump/RV Friendly Parking"
-81.290338,33.924497,"Love's TS-Lexington,SC","I-20 Exit 51|340 Longs Pond Rd, Lexington,SC 29073|803-957-7856|100 Truck Parking Spots|#0424|RV Dump/Propane/RV Friendly Parking"
-81.54578,34.29477,"Love's TS-Newberry,SC","I-26 Exit 76|36 Dusty Rd, Newberry,SC 29108|803-321-1125|100 Truck Parking Spots|#0396|RV Friendly Parking"
-80.735242,33.457976,"Love's TS-Orangeburg,SC","I-26 Exit 154A|3205 Five Chop Rd, Orangeburg,SC 29115|803-534-1663|50 Truck Parking Spots|#0326|RV Friendly Parking"
-80.406067,34.798622,"Love's TS-Pageland,SC","Exit Hwy S 13/382/Dove Sutton|2210 Hwy 601 N, Pageland,SC 29728|843-517-5003|58 Truck Parking Spots|#0847|RV Dump/RV Friendly Parking"
-82.539191,34.675157,"Love's TS-Piedmont,SC","I-85 Exit 32|1805 Easley Hwy, Piedmont,SC 29673|864-947-8559|91 Truck Parking Spots|#871|RV Dump"
-80.356388,33.59208,"Love's TS-Summerton,SC","I-95 Exit 108|401 Bluff Blvd, Summerton,SC 29148|803-488-2000|103 Truck Parking Spots|#0790|RV Friendly Parking"
-80.874431,32.706296,"Love's TS-Yemassee,SC","I-95 Exit 38|409 Yemassee Hwy, Yemassee,SC 29945|843-589-2010|68 Truck Parking Spots|#0740|RV Dump/Propane/RV Friendly Parking"
-103.052091,44.120375,"Love's TS-Box Elder,SD","I-90 Exit 67B|679 Reagan Ave, Box Elder,SD 57719|605-923-4292|75 Truck Parking Spots|#0602|RV Dump/Propane/RV Friendly Parking"
-98.955901,43.736399,"Love's TS-Kimball,SD","I-90 Exit 284|1100 S Main St, Kimball,SD 57355|605-778-6140|68 Truck Parking Spots|#0816|RV Dump/Propane/RV Friendly Parking/RV Hookup-5"
-96.712132,43.604138,"Love's TS-Sioux Falls,SD","I-90 Exit 399|5301 N Cliff Ave, Sioux Falls,SD 57104|605-332-7611|130 Truck Parking Spots|#0445"
-85.63023,36.139694,"Love's TS-Baxter,TN","I-40 Exit 280|110 Fast Lane, Baxter,TN 38544|931-858-6150|115 Truck Parking Spots|#0330|RV Dump/Propane"
-84.817591,35.290197,"Love's TS-Charleston,TN","I-75 Exit 33|200 Lower River Rd NW, Charleston,TN 37310|423-780-9171|86 Truck Parking Spots|#0364|RV Dump/Propane/RV Friendly Parking"
-86.319406,35.724239,"Love's TS-Christiana,TN","I-24 Exit 89|6137 Epps Mill Rd, Christiana,TN 37037|615-904-7303|100 Truck Parking Spots|#0314|RV Friendly Parking"
-86.891465,35.643953,"Love's TS-Columbia,TN","I-65 Exit 46|1624 Bear Creek Pike, Columbia,TN 38401|931-388-1217|80 Truck Parking Spots|#0346|RV Dump"
-83.532051,36.011677,"Love's TS-Dandridge,TN","I-40 Exit 412|1058 Deep Springs Rd, Dandridge,TN 37725|865-397-5040|65 Truck Parking Spots|#0306|RV Friendly Parking"
-87.488233,35.992045,"Love's TS-Dickson,TN","I-40 Exit 163|2971 Hwy 48 South, Dickson,TN 37055|615-441-2691|106 Truck Parking Spots|#0369"
-89.394435,36.070355,"Love's TS-Dyersburg,TN","I-155 Exit 13|3070 Lake Rd, Dyersburg,TN 38024|731-287-0941|77 Truck Parking Spots|#0641|RV Dump/Propane"
-86.014689,35.41872,"Love's TS-Hillsboro,TN","I-24 Exit 117|1165 Aedc Rd, Hillsboro,TN 37342|931-253-6001|88 Truck Parking Spots|#0764|RV Dump/Propane/RV Friendly Parking"
-88.085223,35.839407,"Love's TS-Holladay,TN","I-40 Exit 126|13820 Hwy 641 N, Holladay,TN 38341|731-847-3380|125 Truck Parking Spots|#0791|RV Dump/Propane"
-88.74243,35.679204,"Love's TS-Jackson,TN","I-40 Exit 87|2050 Hwy 70 E, Jackson,TN 38305|731-422-0901|105 Truck Parking Spots|#0244|RV Dump/Propane/RV Friendly Parking"
-85.58188,35.035683,"Love's TS-Jasper,TN","I-24 Exit 158|260 TVA Rd, Jasper,TN 37347|423-942-3345|90 Truck Parking Spots|#0490|RV Dump/Propane/RV Friendly Parking"
-84.32316,35.872519,"Love's TS-Lenoir City,TN","I-40 Exit 364|9155 Hwy 321 N, Lenoir City,TN 37771|865-988-3668|100 Truck Parking Spots|#0480|RV Friendly Parking"
-84.398527,35.732462,"Love's TS-Loudon,TN","I-75 Exit 72-SWC|222 Elizabeth Lee Pkwy, Loudon,TN 37774|865-205-3070|102 Truck Parking Spots|#861|RV Dump/RV Friendly Parking/Propane/RV Hookup-4"
-89.95095,35.075135,"Love's TS-Memphis,TN","I-240 Exit 21|3371 Lamar Ave, Memphis,TN 37118|901-433-7205|51 Truck Parking Spots|#0344|RV Dump/Propane"
-82.925971,36.28016,"Love's TS-Mosheim,TN","I-81 Exit 30|10465 Lonesome Pine Trail, Mosheim,TN 37818|423-422-2890|109 Truck Parking Spots|#0787|RV Dump/Propane/RV Friendly Parking/RV Hookup-9"
-86.428429,36.068417,"Love's TS-Mount Juliet,TN","I-840 Exit 67|150 Couchville Industrial Blvd, Mount Juliet,TN 37122|615-583-3461|94 Truck Parking Spots|#0793|RV Dump/Propane/RV Friendly Parking"
-86.771637,36.205575,"Love's TS-Nashville,TN","I-65 Exit 87|130 W Trinity Lane, Nashville,TN 37207|615-226-6393|58 Truck Parking Spots|#0429"
-83.249084,35.970585,"Love's TS-Newport,TN","I-40 Exit 432|1129 Smokey Mountain LN, Newport,TN 37821|423-415-3050|95 Truck Parking Spots|#0796|RV Dump/Propane/RV Friendly Parking/RV Hookup-4"
-88.545159,35.076758,"Love's TS-Ramer,TN","Exit Hwy 57/5|6870 Hwy 45 S, Ramer,TN 38367|731-645-5163|28 Truck Parking Spots|#0694|RV Friendly Parking"
-86.687413,36.467853,"Love's TS-White House,TN","I-65 Exit 108|1001 Highway 76, White House,TN 37188|615-672-0261|83 Truck Parking Spots|#0629|RV Dump/Propane/RV Friendly Parking"
-96.544103,32.287093,"Love's TS-Alma,TX","I-45 Exit 246/Fm 1183|6550 S I-45 Service Rd, Alma,TX 75119|972-875-8103|138 Truck Parking Spots|#0721|RV Dump/Propane/RV Friendly Parking"
-101.90715,35.1177,"Love's TS-Amarillo,TX","I-27 Exit 116|8615 Canyon Dr, Amarillo,TX 79110|806-352-9501|12 Truck Parking Spots|#0261"
-102.011074,35.189231,"Love's TS-Amarillo,TX","I-40 Exit 60|14701 I-40 W, Amarillo,TX 79124|806-358-2551|18 Truck Parking Spots|#0250|RV Dump/Propane/RV Friendly Parking"
-101.760945,35.191927,"Love's TS-Amarillo,TX","I-40 Exit 74|6930 I-40 E, Amarillo,TX 79120|806-373-7775|111 Truck Parking Spots|#0200|RV Dump/Propane"
-102.541849,32.306081,"Love's TS-Andrews,TX","Hwy 385 Exit Loop 1910|1201 S Main St, Andrews,TX 79714|432-524-2064|60 Truck Parking Spots|#0539|RV Dump/Propane"
-95.457044,29.197231,"Love's TS-Angleton,TX","Hwy 288 Exit FM 523|19477 FM 523, Angleton,TX 77515|979-849-5905|83 Truck Parking Spots|#0665|RV Friendly Parking"
-96.584193,33.345047,"Love's TS-Anna,TX","Hwy 75 Exit 48|1701 S Hwy 75, Anna,TX 75409|972-924-3683|55 Truck Parking Spots|#0299|RV Dump"
-106.58119,31.998202,"Love's TS-Anthony,TX","I-10 Exit 0|3000 Mountain Pass, Anthony,TX 79821|915-886-3915|91 Truck Parking Spots|#0447|RV Friendly Parking"
-99.384692,32.402493,"Love's TS-Baird,TX","I-20 Exit 307|1333 Hwy 283 N, Baird,TX 79504|325-854-0099|68 Truck Parking Spots|#0610|RV Dump/Propane"
-95.032623,29.797963,"Love's TS-Baytown,TX","I-10 Exit 789|1703 I-10, Baytown,TX 77521|281-426-6569|160 Truck Parking Spots|#0401"
-94.211722,29.988801,"Love's TS-Beaumont,TX","I-10 Exit 843/Smith Rd|7495 Smith Rd, Beaumont,TX 77705|409-840-9602|115 Truck Parking Spots|#0696|RV Dump/Propane/RV Friendly Parking"
-101.503303,32.259353,"Love's TS-Big Spring,TX","I-20 Exit 176|1801 W I-20, Big Spring,TX 79720|432-606-6003|105 Truck Parking Spots|#976|RV Hookup Backin-6|RV Dump/Dog Park/RV Dump"
-97.737968,33.221232,"Love's TS-Bridgeport,TX","Exit CR 1304|2300 US Hwy 380, Bridgeport,TX 76426|940-683-3325|51 Truck Parking Spots|#0713|RV Dump"
-97.418237,25.95471,"Love's TS-Brownsville,TX","Exit Fm 511 Hwy 48|3400 Nafta Pkwy, Brownsville,TX 78526|956-831-6770|39 truck Parking Spots|#0767|RV Dump"
-94.319807,32.159782,"Love's TS-Carthage,TX","Exit US Hwy 79|975 E Sabine St, Carthage,TX 75633|903-690-8152|59 Truck Parking Spots|#615|RV Dump/RV Friendly Parking"
-101.381536,35.218765,"Love's TS-Claude,TX","I-40 Exit 96|9701 I-40, Claude,TX 79068|806-537-3393|22 Truck Parking Spots|#0229"
-95.091228,30.354005,"Love's TS-Cleveland,TX","I-69 Exit FM 2025|107 FM 2025, Cleveland,TX 77328|281-593-0239|80 Truck Parking Spots|#0293"
-98.902587,29.98142,"Love's TS-Comfort,TX","I-10 Exit 523|43 US Hwy 87, Comfort,TX 78013|830-995-2770|60 Truck Parking Spots|#0464"
-99.250318,28.416391,"Love's TS-Cotulla,TX","I-35 Exit 65|1963 S IH 35, Cotulla,TX 78014|830-879-7101|110 Truck Parking Spots|#862|RV Dump/Propane/Dog Park"
-102.536751,36.076714,"Love's TS-Dalhart,TX","Exit .4 mi SE of Ponderosa Ln|12182 Hwy 87 N, Dalhart,TX 79022|806-244-0050|77 Truck Parking Spots|#0836|RV Dump/Propane/RV Friendly Parking/RV Hookup-6"
-96.839275,32.640809,"Love's TS-Dallas,TX","I-20 Exit 466|8800 S Polk St, Dallas,TX 75232|972-224-5970|27 Truck Parking Spots|#0294|RV Dump"
-95.092972,29.707507,"Love's TS-Deer Park,TX","Hwy 225 Exit Independence Pkwy|7005 Hwy 225, Deer Park,TX 77536|281-479-3430|70 Truck Parking Spots|#0481"
-97.179459,33.263571,"Love's TS-Denton,TX","I-35 Exit 471|6421 N I-35, Denton,TX 76207|940-320-1457|85 Truck Parking Spots|#0609|RV Dump/Propane/RV Friendly Parking"
-94.152214,33.261778,"Love's TS-Domino,TX","Hwy 59 Exit FM 3129|22406 N Hwy 59, Domino,TX 75572|903-796-1385|106 Truck Parking Spots|#0673|RV Dump/Propane/RV Friendly Parking"
-98.067189,26.183159,"Love's TS-Donna,TX","I-2 Exit 153|545 W Frontage Rd, Donna,TX 78537|956-464-1133|94 Truck Parking Spots|#0739|RV Dump/Propane"
-101.973996,35.879547,"Love's TS-Dumas,TX","HWY 287 Exit N 8th St|720 N Dumas Ave, Dumas,TX 79029|806-935-0189|45 Truck Parking Spots|#0626"
-98.14126366,26.38589729,"Love's TS-Edinburg,TX","Hwy 281 Exit FM 2812|8420 N Expressway 281, Edinburg,TX 78539|956-316-1782|150 Truck Parking Spots|#0284|RV Dump/RV Friendly Parking"
-96.62541,28.988878,"Love's TS-Edna,TX","Hwy 59 Exit FM 407|1509 E Rose St, Edna,TX 77957|361-782-6700|29 Truck Parking Spots|#0297|RV Dump"
-106.237364,31.659271,"Love's TS-El Paso,TX","I-10 Exit 37|1300 Horizon Blvd, El Paso,TX 79928|915-852-4021|90 Truck Parking Spots|#0214|RV Friendly Parking"
-99.34883,28.045548,"Love's TS-Encinal,TX","I-35 Exit 39|28527 I-35, Encinal,TX 78019|956-948-7044|140 Truck Parking Spots|#0298"
-96.182736,31.728217,"Love's TS-Fairfield,TX","I-45 Exit 198|299 I-45, Fairfield,TX 75840|903-389-3967|28 Truck Parking Spots|#0288|RV Dump/Propane"
-102.852146,30.893377,"Love's TS-Fort Stockton,TX","I-10 Exit 261|2723 East US Highway 290, Fort Stockton,TX 79735|432-336-3622|72 Truck Parking Spots|#0542|RV Dump/Propane"
-97.317578,32.598737,"Love's TS-Fort Worth,TX","I-35W Exit 40|200 Garden Acres Dr, Fort Worth,TX 76140|817-293-5118|80 Truck Parking Spots|#0281|RV Dump"
-97.726549,26.248721,"Love's TS-Harlingen,TX","I-69 Exit 30/Templeton St|21379 US 77 Expressway, Harlingen,TX 78550|956-507-7934|63 Truck Parking Spots|#885|RV Dump/RV Friendly Parking"
-96.602709,30.89541,"Love's TS-Hearne,TX","Hwy 6 Exit FM 485|1423 N Market St, Hearne,TX 77859|979-279-9700|70 Truck Parking Spots|#0375|RV Friendly Parking"
-102.407661,34.810037,"Love's TS-Hereford,TX","Hwy 60 Exit Hwy 385|901 West 1st St, Hereford,TX 79045|806-364-4491|38 Truck Parking Spots|#0642|RV Dump"
-97.093528,32.00952,"Love's TS-Hillsboro,TX","I-35 Exit 368A|1501 Corsicana Hwy, Hillsboro,TX 76645|254-582-2101|53 Truck Parking Spots|#0231|RV Dump/Propane"
-95.369817,29.797437,"Love's TS-Houston,TX","I-45 Exit 50|210 Patton St, Houston,TX 77009|713-694-9898|250 Truck Parking Spots|#0419"
-95.269023,29.798591,"Love's TS-Houston,TX","I-610 Exit 24|3940 N McCarty, Houston,TX 77013|713-670-0235|100 Truck Parking Spots|#0315|RV Dump"
-96.075801,29.390748,"Love's TS-Hungerford,TX","Hwy 59 Exit Walnut St|350 E Walnut St, Hungerford,TX 77448|979-532-1503|83 Truck Parking Spots|#0617|RV Dump/Propane"
-96.69378,32.623952,"Love's TS-Hutchins,TX","I-45 Exit 272|2500 S I-45 Frontage, Hutchins,TX 75141|972-225-3560|110 Truck Parking Spots|#0331|RV Dump/Propane/RV Friendly Parking"
-96.898726,32.193688,"Love's TS-Italy,TX","I-35E Exit 386|1021 Dale Evans, Italy,TX 76651|972-483-1686|110 Truck Parking Spots|#0628|RV Dump/Propane/RV Friendly Parking"
-95.881907,29.779813,"Love's TS-Katy,TX","I-10 Exit 737|612 Pederson Rd, Katy,TX 77494|281-391-5556|75 Truck Parking Spots|#0234|RV Dump"
-103.06941,31.8527,"Love's TS-Kermit,TX","Exit CR 133|674 E State Hwy 302, Kermit,TX 79745|432-586-2777|77 truck parking spots|#0853|RV Dump/RV Friendly Parking"
-97.842143,27.529889,"Love's TS-Kingsville,TX","Hwy 77 Exit FM 1898|1451 North Hwy 77, Kingsville,TX 78363|361-592-7210|70 Truck Parking Spots|#0327|RV Dump/Propane/RV Friendly Parking"
-99.555895,27.64548,"Love's TS-Laredo,TX","Exit Pinnacle Rd Fm 1472|101 Pinnacle Rd, Laredo,TX 78045|956-727-7156|86 Truck Parking Spots|#0762|RV Dump/Propane/RV Friendly Parking"
-94.204417,33.463575,"Love's TS-Leary,TX","I-30 Exit 213|451 Leary Rd, Leary,TX 75501|903-838-0856|99 Truck Parking Spots|#0473|RV Friendly Parking"
-101.836873,33.642447,"Love's TS-Lubbock,TX","I-27 Exit 8|4221 N I-27, Lubbock,TX 79403|806-744-1531|60 Truck Parking Spots|#0589"
-94.718821,31.41081,"Love's TS-Lufkin,TX","Exit Fm 2021 US Hwy 59|5614 Hwy 59 N, Lufkin,TX 75901|936-632-3537|94 Truck Parking Spots|#0709|RV Dump/Propane"
-94.689716,31.328488,"Love's TS-Lufkin,TX","Hwy 59/69/Loop 287 Exit FM 841|1003 S Medford Dr, Lufkin,TX 75901|936-637-4928|21 Truck Parking Spots|#0290|RV Dump"
-97.592282,29.653691,"Love's TS-Luling,TX","I-10 Exit 632|190 US Highway 90, Luling,TX 78648|830-875-5667|10 Truck Parking Spots|#0264"
-100.533731,34.723061,"Love's TS-Memphis,TX","Hwy 287 Exit Hwy 256|219 S Boykin Dr, Memphis,TX 79245|806-259-2300|30 Truck Parking Spots|#0247"
-102.14146,31.947692,"Love's TS-Midland,TX","I-20 Exit 131|5200 Cholla Rd, Midland,TX 79706|432-699-2374|107 Truck Parking Spots|#0623|RV Dump/Propane"
-97.01111,32.483124,"Love's TS-Midlothian,TX","Hwy 67 Exit Bus 287|1501 W Hwy 287, Midlothian,TX 76065|972-775-2820|40 Truck Parking Spots|#0216"
-95.218039,33.163946,"Love's TS-Mount Vernon,TX","I-30 Exit 147|215 E I-30 N Service Rd, Mount Vernon,TX 75457|903-537-7696|92 Truck Parking Spots|#0279"
-98.846566,29.184806,"Love's TS-Natalia,TX","I-35 Exit 127|21548 FM 471 S, Natalia,TX 78059|830-663-5540|100 Truck Parking Spots|#0471|RV Friendly Parking"
-94.469311,33.473335,"Love's TS-New Boston,TX","I-30 Exit 199/US Hwy 82 W|2980 US Hwy 82, New Boston,TX 75570|903-417-6056|111 Truck Parking Spots|#852|RV Friendly Parking,RV Dump"
-102.3806511,31.81764963,"Love's TS-Odessa,TX","I-20 Exit 115|1901 W I-20, Odessa,TX 79766|432-335-7062|152 Truck Parking Spots|#0339|RV Dump/Propane"
-95.55616,33.694793,"Love's TS-Paris,TX","Hwy 271 Exit 1/2 Mi N of Hwy 82|3215 N Main St, Paris,TX 75460|903-737-1950|58 Truck Parking Spots|#0678"
-103.479374,31.399839,"Love's TS-Pecos,TX","I-20 Exit 42|5202 South Cedar St, Pecos,TX 79772|432-445-1490|120 Truck Parking Spots|#0492|RV Dump/Propane/RV Friendly Parking"
-99.756453,34.292127,"Love's TS-Quanah,TX","Hwy 287 Exit Airport Rd|1415 W 11th St, Quanah,TX 79252|940-663-2567|52 Truck Parking Spots|#0662"
-98.694499,32.441748,"Love's TS-Ranger,TX","I-20 Exit 349|1600 Loop 254 W, Ranger,TX 76470|254-647-3700|32 Truck Parking Spots|#0270"
-97.484072,33.05703,"Love's TS-Rhome,TX","Hwy 287 Exit Hwy 114|4800 E Hwy 114, Rhome,TX 76078|817-636-0270|66 Truck Parking Spots|#0380|RV Friendly Parking"
-96.419311,32.918189,"Love's TS-Rockwall,TX","I-30 Exit 70|1990 E I-30, Rockwall,TX 75075|972-722-3178|50 Truck Parking Spots|#0283|RV Dump/RV Friendly Parking"
-98.617826,29.31101,"Love's TS-San Antonio,TX","I-35 Exit 144|11361 S I-35, San Antonio,TX 78073|210-623-2329|88 Truck Parking Spots|#0242|RV Dump/Propane"
-98.034691,29.561937,"Love's TS-Seguin,TX","I-10 Exit 604|3158 I-10 W, Seguin,TX 78155|830-372-6190|61 Truck Parking Spots|#0463|RV Friendly Parking"
-97.532753,28.011697,"Love's TS-Sinton,TX","Hwy 77 Exit Hwy 77B/FM 1945|13886 FM 1945, Sinton,TX 78387|361-364-9215|86 Truck Parking Spots|#0672|RV Friendly Parking"
-100.586608,30.570939,"Love's TS-Sonora,TX","I-10 Exit 404|3880 Loop 467, Sonora,TX 76950|325-387-2768|71 Truck Parking Spots|#0700|RV Dump/Propane"
-95.636061,33.11785,"Love's TS-Sulphur Springs,TX","I-30 Exit 122|1201 S Hillcrest, Sulphur Springs,TX 75482|903-438-1801|92 Truck Parking Spots|#0738|RV Dump/Propane/RV Friendly Parking"
-100.441771,32.45043715,"Love's TS-Sweetwater,TX","I-20 Exit 242|9418 North Interstate 20, Sweetwater,TX 79556|325-235-1240|107 Truck Parking Spots|#0475|RV Dump/Propane"
-98.185317,28.521119,"Love's TS-Three Rivers,TX","I-37 Exit 72|2645 S Hwy 37, Three Rivers,TX 78071|361-786-2523|138 Truck Parking Spots|#0342|Dog Park"
-97.312312,31.191001,"Love's TS-Troy,TX","I-35 Exit 308|1610 Cotton Gin Rd, Troy,TX 76579|254-938-2579|114 Truck Parking Spots|#0719|RV Dump/Propane/RV Friendly Parking"
-101.79253,34.528292,"Love's TS-Tulia,TX","I-27 Exit 74/Hwy 86|2851 W Tx 86, Tulia,TX 79088|806-583-6211|59 Truck Parking Spots|#984|RV Dump/RV Hookup-Backin-4 Spots/Dog Park"
-95.644745,32.509097,"Love's TS-Van,TX","I-20 Exit 540 @ FM 314|1188 S Oak St, Van,TX 75790|903-963-1122|74 Truck Parking Spots|#0651|RV Dump/RV Friendly Parking"
-95.642465,32.50828,"Love's TS-Van,TX","I-20 Exit 540|1221 S Oak St, Van,TX 75790|903-963-7341|40 Truck Parking Spots|#0287|RV Dump/Propane/RV Friendly Parking"
-104.819253,31.040102,"Love's TS-Van Horn,TX","I-10 Exit 140|810 E Broadway, Van Horn,TX 79855|432-283-2881|36 Truck Parking Spots|#0256"
-95.905556,30.064458,"Love's TS-Waller,TX","Hwy 290 Exit FM 2920|30710 FM 2920, Waller,TX 77484|936-372-3449|50 Truck Parking Spots|#0233|RV Dump/Propane"
-97.742742,32.742941,"Love's TS-Weatherford,TX","I-20 Exit 410|2605 E Bankhead Hwy, Weatherford,TX 76086|817-594-2755|38 Truck Parking Spots|#0273"
-96.77705,29.69051,"Love's TS-Weimar,TX","I-10 Exit 682|900 S Eagle St, Weimar,TX 78962|979-725-8625|89 Truck Parking Spots|#0484|RV Dump/Propane"
-98.468811,33.886704,"Love's TS-Wichita Falls,TX","Hwy 287 Exit Windthorst Rd|1124 Central Fwy E, Wichita Falls,TX 76301|940-766-6098|53 Truck Parking Spots|#0269"
-95.498411,30.436694,"Love's TS-Willis,TX","I-45 Exit 95|9600 Longstreet Rd, Willis,TX 77318|936-856-5085|80 Truck Parking Spots|#0468|RV Dump/Propane"
-95.062576,32.44313,"Love's TS-Winona,TX","I-20 Exit 575|12577 CR 3101, Winona,TX 75792|903-618-4002|113 Truck Parking Spots|#0815|RV Dump/Propane/RV Friendly Parking/RV Hookup-25"
-112.0556,41.509407,"Love's TS-Brigham City,UT","I-15 Exit 363|20 South 1550 West St, Brigham City,UT 84302|435-723-1789|104 Truck Parking Spots|#0686|RV Dump/Propane/RV Friendly Parking"
-113.051367,37.725785,"Love's TS-Cedar City,UT","I-15 Exit 62|2645 N Canyon Ranch Dr, Cedar City,UT 84720|435-867-9888|72 Truck Parking Spots|#0335|RV Dump/Propane/RV Friendly Parking"
-112.353534,38.95015,"Love's TS-Filmore,UT","I-15 Exit 163|915 S 1100 W, Filmore,UT 84631|484-630-6993|73 Truck Parking Spots|#0835|RV Dump/Propane/RV Friendly Parking/RV Hookup-8"
-110.184448,38.994722,"Love's TS-Green River,UT","I-70 Exit 160|1810 Main St, Green River,UT 84525|435-564-8262|80 Truck Parking Spots|#0792|RV Friendly Parking/RV Hookup-8"
-111.854563,38.932034,"Love's TS-Salina,UT","I-70 Exit 56|1915 South State St, Salina,UT 84654|435-287-0460|80 Truck Parking Spots|#0581|RV Friendly Parking"
-111.939921,40.769949,"Love's TS-Salt Lake City,UT","I-80 Exit 118|25 N Redwood Rd, Salt Lake City,UT 84116|801-239-1100|78 Truck Parking Spots|#0436"
-111.65026,40.162085,"Love's TS-Springville,UT","I-15 Exit 260|358 South 2200 West, Springville,UT 84663|801-489-8746|55 Truck Parking Spots|#0518|RV Dump/Propane"
-81.14048,37.178007,"Love's TS-Bastian,VA","I-77 Exit 58|6168 N Scenic Hwy, Bastian,VA 24314|276-688-1478|51 Truck Parking Spots|#0715|RV Dump/Propane/RV Friendly Parking"
-79.88359,37.794423,"Love's TS-Covington,VA","I-64 Exit 21|9104 Winterberry Ave, Covington,VA 24426|540-862-9044|56 Truck Parking Spots|#0707|RV Dump"
-77.274568,37.155183,"Love's TS-Disputanta,VA","Exit SR 156/Prince George Dr|7200 County Dr, Disputanta,VA 23842|804-722-0251|73 Truck Parking Spots|#0717|RV Dump/Propane/RV Friendly Parking"
-80.2347,37.23289,"Love's TS-Elliston,VA","I-81 Exit 128|5275 N Fork Rd, Elliston,VA 24087|540-404-6701|93 Truck Parking Spots|#574|3 Backin RV Spots|RV Friendly Parking|RV Dump|Dog Park"
-76.939647,36.662523,"Love's TS-Franklin,VA","Hwy 58 Exit Hwy 258|2307 South St, Franklin,VA 23851|757-516-2602|78 Truck Parking Spots|#0560|RV Dump/Propane/RV Friendly Parking"
-80.74052,36.578653,"Love's TS-Lambsburg,VA","I-77 Exit 1|227 Old Pipers Gap Rd, Lambsburg,VA 24351|276-755-3117|80 Truck Parking Spots|#0399"
-80.883067,36.951409,"Love's TS-Max Meadows,VA","I-81 Exit 84|145 Major Grahams Rd, Max Meadows,VA 24360|276-637-3124|122 Truck Parking Spots|#0239|RV Friendly Parking"
-81.856004,36.756473,"Love's TS-Meadowview,VA","I-81 Exit 24|13365 Glenbrook Ave, Meadowview,VA 24361|276-944-3281|72 Truck Parking Spots|#0613|RV Friendly Parking"
-77.09067,37.501466,"Love's TS-Providence Forge,VA","I-64 Exit 211/Hwy 106|6870 Jimmy Burrell Ln, Providence Forge,VA 23140|804-966-8150|86 Truck Parking Spots|#0705|RV Dump/Propane/RV Friendly Parking"
-77.465815,37.937868,"Love's TS-Ruther Glen,VA","I-95 Exit 104|23845 Rogers Clark Blvd, Ruther Glen,VA 22546|804-448-0102|52 Truck Parking Spots|#0435"
-77.560647,36.605447,"Love's TS-Skippers,VA","I-95 Exit 4|770 Moores Ferry Rd, Skippers,VA 23879|434-336-0203|72 Truck Parking Spots|#0317|RV Dump/Propane/RV Friendly Parking"
-78.09820062,36.74826218,"Love's TS-South Hill,VA","I-85 Exit 15|1850 North Mecklenburg Ave, South Hill,VA 23970|434-584-0077|83 Truck Parking Spots|#0469|RV Friendly Parking"
-78.935074,38.293636,"Love's TS-Staunton,VA","I-81 Exit 235|3499 Lee Jackson Hwy, Staunton,VA 24401|540-337-1070|85 Truck Parking Spots|#0706|RV Dump/Propane"
-78.439457,38.96563,"Love's TS-Tom's Brook,VA","I-81 Exit 291|1015 Mt Olive Rd, Tom's Brook,VA 22660|540-436-8048|77 Truck Parking Spots|#0305"
-120.585862,47.007647,"Love's TS-Ellensburg,WA","I-90 Exit 106|1512 Hwy 97, Ellensburg,WA 98926|509-925-5200|85 Truck Parking Spots|#0413"
-119.340508,47.102863,"Love's TS-Moses Lake,WA","I-90 Exit 174|4315 Prichard Rd, Moses Lake,WA 98837|509-761-5419|80 Truck Parking Spots|#0827|RV Dump/Propane/RV Friendly Parking"
-122.9083523,46.60363568,"Love's TS-Napavine,WA","I-5 Exit 72|1276 Rush Rd, Napavine,WA 98532|360-748-6597|76 Truck Parking Spots|#0454|RV Friendly Parking"
-119.081871,46.263879,"Love's TS-Pasco,WA","US Hwy 395|2252 E Kartchner St, Pasco,WA 99301|509-412-6432|57 Truck Parking Spots|#0811|RV Friendly Parking"
-119.79295,46.219559,"Love's TS-Prosser,WA","I-82 Exit 80|700 Wine Country Rd, Prosser,WA 99350|509-786-1293|66 Truck Parking Spots|#0681|RV Dump/Propane/RV Friendly Parking"
-118.36694,47.11319,"Love's TS-Ritzville,WA","I-90 Exit 221|1370 N Hwy 261, Ritzville,WA 99169|509-659-1005|86 Truck Parking Spots|#0514|RV Dump/Propane"
-122.385131,47.24484,"Love's TS-Tacoma,WA","I-5 Exit 136|1501 33rd Ave E, Tacoma,WA 98424|253-922-8884|83 Truck Parking Spots|#0448"
-89.46938718,43.39029354,"Love's TS-Dekorra,WI","I-90 Exit 115|W9493 County Rd CS, Dekorra-Poynette,WI 53955|608-635-2944|73 Truck Parking Spots|#0637|RV Dump/Propane/RV Friendly Parking"
-88.542017,42.652566,"Love's TS-Elkhorn,WI","I-43 Exit 25|100 E Commerce Ct, Elkhorn,WI 53121|262-723-8888|102 Truck Parking Spots|#0752|RV Friendly Parking"
-88.46358,43.748125,"Love's TS-Fond du Lac,WI","I-41 Exit 97|191 West Rolling Meadows Dr, Fond du Lac,WI 54937|920-907-0145|90 Truck Parking Spots|#0587|RV Dump/Propane/RV Friendly Parking"
-91.856993,44.907512,"Love's TS-Menomonie,WI","I-94 Exit 45|5930 Badger Dr, Menomonie,WI 54751|715-231-2163|74 Truck Parking Spots|#0622|RV Friendly Parking"
-87.940847,42.871169,"Love's TS-Oak Creek,WI","I-94 Exit 322|9650 S 20th St, Oak Creek,WI 53154|414-761-0482|180 Truck Parking Spots|#0432|RV Dump/Propane/RV Friendly Parking"
-90.378159,43.961187,"Love's TS-Oakdale,WI","I-90 Exit 48|220 Oakwood St, Oakdale,WI 54660|608-372-3820|70 Truck Parking Spots|#0345|RV Dump/Propane"
-87.758721,43.676455,"Love's TS-Sheboygan,WI","I-43 Exit 120/CR-V|6710 South Business Dr, Sheboygan,WI 53081|920-458-1697|51 Truck Parking Spots|#0640|RV Dump/Propane/RV Friendly Parking"
-81.690253,38.757884,"Love's TS-Ripley,WV","I-77 Exit 132|3875 Charleston Rd, Ripley,WV 25271|304-372-5250|80 Truck Parking Spots|#0378|Propane/RV Friendly Parking"
-106.662045,44.357109,"Love's TS-Buffalo,WY","Exit 58/Hwy 16|190 US Hwy 16 E, Buffalo,WY 82834|307-621-6064|64 Truck Parking Spots|#965|3 Back-in RV Hookup|RV Friendly Parking|RV Dump|Dog Park"
-104.848606,41.098166,"Love's TS-Cheyenne,WY","I-25 Exit 7|3305 W College Dr, Cheyenne,WY 82007|307-632-7902|40 Truck Parking Spots|#0220|RV Dump/RV Friendly Parking"
-109.540829,41.559705,"Love's TS-Green River,WY","I-80 Exit 85|8901 Hwy 374, Green River,WY 82935|307-364-9001|90 Truck Parking Spots|#0888|RV Friendly Parking"
-105.609709,41.326617,"Love's TS-Laramie,WY","I-80 Exit 310|1770 McCue St, Laramie,WY 82072|307-742-2910|82 Truck Parking Spots|#0723|RV Dump/Propane"
-107.982457,41.675893,"Love's TS-Wamsutter,WY","I-80 Exit 173|314 Kelly Rd, Wamsutter,WY 82336|307-324-0087|70 Truck Parking Spots|#0310|RV Dump/Propane"
-97.608824,34.837335,"Love's CS-Lindsay,OK","502 W Cherokee St, Lindsay,OK 73052|(405) 756-4826|13 Truck Parking Spots|Store #74"
-110.346457,31.962362,"Love's CS-Benson,AZ","640 State Road 90, Benson,AZ 85602|(520) 586-2053|Store #9|RV Friendly Parking"
-104.729224,38.723423,"Love's CS-Fountain,CO","5505 Travel Plaza Drive, Fountain,CO 80817|(719) 390-5800|Store #357"
-103.538518,37.987746,"Love's CS-La Junta,CO","308 E 1st St, La Junta,CO 81050|(719) 384-8932|Store #12"
-102.616053,38.08866,"Love's CS-Lamar,CO","301 E Olive St, Lamar,CO 81052|(719) 336-5382|Store #38"
-102.616015,37.402852,"Love's CS-Springfield,CO","1100 Main St, Springfield,CO 81073|(719) 523-4100|Store #37"
-106.13726,37.578457,"Love's CS-Monte Vista,CO","1537 Grande Ave, Monte Vista,CO 81144|(719) 852-5032|Store #30"
-84.2851673,38.3934531,"Love's CS-Buena Vista,CO","115 Harrison Ave, Buena Vista,CO 81211|(719) 395-3355|Store #115"
-106.934397,38.543965,"Love's CS-Gunnison,CO","108 S 12th St, Gunnison,CO 81230|(970) 641-4045|Store #7"
-97.039606,37.082768,"Love's CS-Arkansas City,KS","1712 N Summit St, Arkansas City,KS 67005|(620) 442-9302|Store #97"
-98.722146,37.646274,"Love's CS-Pratt,KS","1412 E 1st St, Pratt,KS 67124|(620) 672-5784|Store #32"
-98.754123,38.361124,"Love's CS-Great Bend,KS","1221 10th Street, Great Bend,KS 67530|(620) 792-6731|Store #11"
-99.31832,39.755593,"Love's CS-Phillipsburg,KS","709 East State Street, Phillipsburg,KS 67661|(785) 543-5813|Store #59"
-101.047735,39.397363,"Love's CS-Colby,KS","265 W 4th St, Colby,KS 67701|(785) 462-7339|Store #61"
-100.028813,37.753802,"Love's CS-Dodge City,KS","1108 W Wyatt Earp Blvd, Dodge City,KS 67801|(620) 225-0654|Store #58"
-100.011834,37.753244,"Love's CS-Dodge City,KS","400 E Wyatt Earp Blvd, Dodge City,KS 67801|(620) 225-0641|Store #62"
-100.340373,37.285799,"Love's CS-Meade,KS","115 N Fowler St, Meade,KS 67864|(620) 873-2270|Store #116"
-101.7502225,37.980178,"Love's CS-Syracuse,KS","208 E Highway 50, Syracuse,KS 67878|(620) 384-7796|Store #39"
-100.927827,37.032012,"Love's CS-Liberal,KS","208 West Pancake Blvd, Liberal,KS 67901|(620) 624-2910|Store #24"
-96.669634,34.776967,"Love's CS-Ada,OK","300 N Mississippi Ave, Ada,OK 74820|(580) 332-4294|Store #52"
-96.686207,34.774918,"Love's CS-Ada,OK","524 W Main St, Ada,OK 74820|(580) 436-1292|Store #80"
-98.650186,36.79714,"Love's CS-Alva,OK","607 E Oklahoma Blvd, Alva,OK 73717|(580) 327-4500|Store #18"
-97.140989,34.174204,"Love's CS-Ardmore,OK","930 W Broadway St, Ardmore,OK 73401|(580) 223-6362|Store #54"
-100.519058,36.809961,"Love's CS-Beaver,OK","802 Douglas Ave, Beaver,OK 73932|(580) 625-4220|Store #21"
-94.739989,34.022344,"Love's CS-Broken Bow,OK","504 S Park Dr, Broken Bow,OK 74728|(580) 584-3813|Store #94"
-99.630193,36.841478,"Love's CS-Buffalo,OK","Hwy 64 & Brule, Buffalo,OK 73834|(580) 735-2201|Store #36"
-97.945707,35.052139,"Love's CS-Chickasha,OK","1001 W Choctaw Ave, Chickasha,OK 73018|(405) 222-4452|Store #95"
-97.937347,35.037399,"Love's CS-Chickasha,OK","1326 S 4th St, Chickasha,OK 73018|(405) 222-2355|Store #86"
-97.963786,34.368263,"Love's CS-Comanche,OK","120 S Rodeo Dr, Comanche,OK 73529|(580) 439-6256|Store #55"
-97.594541,35.946351,"Love's CS-Crescent,OK","432 S Grand St, Crescent,OK 73028|(405) 969-3639|Store #117"
-97.947666,34.500564,"Love's CS-Duncan,OK","202 W Main St, Duncan,OK 73533|(580) 252-8900|Store #29"
-96.373358,34.00214,"Love's CS-Durant,OK","1223 N 1st Ave, Durant,OK 74701|(580) 924-9304|Store #68"
-96.381568,33.992451,"Love's CS-Durant,OK","524 W Main St, Durant,OK 74701|(580) 924-9287|Store #69"
-97.9386518,35.508064,"Love's CS-El Reno,OK","1655 E Highway 66, El Reno,OK 73036|(405) 262-8813|Store #114"
-99.416094,35.41207,"Love's CS-Elk City,OK","1001 W 3rd St, Elk City,OK 73644|(580) 225-5931|Store #31"
-98.480422,36.272398,"Love's CS-Fairview,OK","401 N Main St, Fairview,OK 73737|(580) 227-3363|Store #15"
-97.425884,35.865448,"Love's CS-Guthrie,OK","1223 S Division St, Guthrie,OK 73044|(405) 282-1884|Store #85"
-97.396092,35.87866,"Love's CS-Guthrie,OK","2530 E Noble Ave, Guthrie,OK 73044|(405) 260-0850|Store #218"
-101.481164,36.677067,"Love's CS-Guymon,OK","101 SE 2nd St, Guymon,OK 73942|(580) 338-2414|Store #19"
-97.898534,36.102581,"Love's CS-Hennessey,OK","721 S Main St, Hennessey,OK 73742|(405) 853-6636|Store #48"
-95.976946,35.439453,"Love's CS-Henryetta,OK","413 E Main St, Henryetta,OK 74437|(918) 652-8934|Store #57"
-99.914534,34.682138,"Love's CS-Hollis,OK","408 E Broadway St, Hollis,OK 73550|(580) 688-2464|Store #10"
-97.932237,35.859464,"Love's CS-Kingfisher,OK","203 S Main St, Kingfisher,OK 73750|(405) 375-5019|Store #5"
-96.769876,34.086771,"Love's CS-Madill,OK","411 S 1st St, Madill,OK 73446|(580) 795-2612|Store #84"
-99.503111,34.876629,"Love's CS-Mangum,OK","301 N Louis Tittle Ave, Mangum,OK 73554|(580) 782-2603|Store #33"
-97.958341,34.640121,"Love's CS-Marlow,OK","701 S Broadway St, Marlow,OK 73055|(580) 658-2362|Store #56"
-97.958299,34.656709,"Love's CS-Marlow,OK","811 N Broadway St, Marlow,OK 73055|(580) 658-5798|Store #13"
-97.088641,35.381831,"Love's CS-McLoud,OK","12601 McLoud Rd, McLoud,OK 74851|(405) 386-7536|Store #252"
-94.867912,36.871403,"Love's CS-Miami,OK","1015 E Steve Owens Blvd, Miami,OK 74354|(918) 542-8702|Store #73"
-97.549794,35.579669,"Love's CS-Oklahoma City,OK","10875 N Pennsylvania Ave, Oklahoma City,OK 73120|(405) 752-4224|Store #123"
-97.573667,35.377796,"Love's CS-Oklahoma City,OK","3233 SW 89th St, Oklahoma City,OK 73159|(405) 686-1053|Store #245"
-97.222689,34.739795,"Love's CS-Pauls Valley,OK","309 W Grant Ave, Pauls Valley,OK 73075|(405) 238-5861|Store #50"
-97.366413,35.014809,"Love's CS-Purcell,OK","225 North Green Ave, Purcell,OK 73080|(405) 527-9491|Store #28"
-96.929463,35.341877,"Love's CS-Shawnee,OK","1005 N Kickapoo Ave, Shawnee,OK 74801|(405) 275-3263|Store #49"
-94.968941,35.915546,"Love's CS-Tahlequah,OK","111 E Downing St, Tahlequah,OK 74464|(918) 456-0385|Store #78"
-96.93638,35.260457,"Love's CS-Tecumseh,OK","100 E Walnut St, Tecumseh,OK 74873|(405) 598-6000|Store #51"
-94.971252,35.49055,"Love's CS-Vian,OK","706 S Thornton St, Vian,OK 74962|(580) 290-6058|Store #120|RV Dump/RV Hookup-13"
-98.415911,35.84155,"Love's CS-Watonga,OK","304 W Russworm Dr, Watonga,OK 73772|(580) 623-4578|Store #1"
-99.414963,36.433049,"Love's CS-Woodward,OK","2615 Oklahoma, Woodward,OK 73801|(580) 254-3644|Store #47"
-99.384755,36.417892,"Love's CS-Woodward,OK","3020 NW Williams Ave, Woodward,OK 73801|(580) 256-3503|Store #16"
-97.173162,34.642885,"Love's CS-Wynnewood,OK","305 W Robert S Kerr Blvd, Wynnewood,OK 73098|(405) 665-2010|Store #118"
-97.759711,35.507541,"Love's CS-Yukon,OK","1016 W Main St, Yukon,OK 73099|(405) 354-9772|Store #88"
-110.183785,38.994257,"Love's CS-Green River,UT","1775 W Main Street, Green River,UT 84525|(435) 564-3302|Store #119"
-86.191228,33.933261,"Love's TS [EV Charging]-Steele,AL","I-59 Exit 174|905 Steele Station Rd, Steele,AL 35987|256-538-1964|8-EV Tesla Superchargers"
-114.241288,33.65724,"Love's TS [EV Charging]-Quartzsite,AZ","I-10 Exit 17|760 S Quartzsite Blvd, Quartzsite,AZ 85346|928-927-8570|8-EV Level 3 Chargers"
-117.091748,34.856849,"Love's TS [EV Charging]-Barstow,CA","I-15 Exit 178|2974 Lenwood Rd, Barstow,CA 92311|760-253-4080|2-EV Level 2 Chargers/4-EV Level 3 Chargers"
-117.641426,35.011262,"Love's TS [EV Charging]-Boron,CA","Hwy 58 Exit 199|27201 Boron Frontage Rd N, Boron,CA 93526|661-385-6020|1-EV Level 2 Chargers/6 -Level 3 Chargers"
-120.096207,36.995598,"Love's TS [EV Charging]-Madera,CA","Hwy 99 Exit 157|3174 Ave 17, Madera,CA 93637|559-661-1012|2-EV Level 2 Chargers/4-EV Level 3 Chargers"
-121.14151,37.755193,"Love's TS [EV Charging]-Ripon,CA","Hwy 99 Exit 237B|1553 Colony Rd, Ripon,CA 95366|209-599-0740|2-EV Level 2 Charters/4-EV Level 3 Chargers"
-119.330122,36.180909,"Love's TS [EV Charging]-Tulare,CA","Hwy 99 Exit 85|2700 S Blackstone St, Tulare,CA 93274|559-686-1400|2-EV Level 2 Chargers/4-EV Level 3 Chargers"
-121.617862,36.65899,"Love's TS [EV Charging]-Salinas,CA","US Hwy 101 Exit 326A|1264 De La Torre, Salinas,CA 93905|831-500-6979|8-EV Level 3 Chargers"
-81.657694,28.243773,"Love's TS [EV Charging]-Davenport,FL","I-4 Exit 55|45000 Hwy 27, Davenport,FL 33897|863-420-3623|8-EV Level 3 Chargers"
-97.322461,37.366031,"Love's TS [EV Charging]-Belle Plaine,KS","I-35 Exit Mile 26/Kansas Tpke|Mile 26 Kansas Turnpike, Belle Plaine,KS 67013|620-326-5781|2-EV Level 2 Chargers/4-EV Level 3 Chargers"
-96.579511,38.095391,"Love's TS [EV Charging]-Cassaday,KS","I-35 Exit 97| Mile 97 Kansas Turnpike, Cassoday,KS 66842|2-EV Level 2 Chargers/4-EV Level 3 Chargers"
-96.98161,37.7661,"Love's TS [EV Charging]-El Dorado,KS","I-30 Exit Mile 65/Kansas Tpke|Mile 65 Kansas Trunpike, El Dorado,KS 67042|316-536-2324|2-EV Level 2 Chargers/2-EV Level 3 Chargers/8-EV Tesla Superchargers"
-95.135161,39.019971,"Love's TS [EV Charging]-Lawrence,KS","I-70 Exit Mile 209|209 Kansas Turnpike, Lawrence,KS 66044|785-843-2547|2-EV Level 3 Chargers/12-EV Tesla Supercharges"
-95.508871,39.019541,"Love's TS [EV Charging]-Topeka,KS","I-70 Exit Mile 188|Mile 188 Kansas Tpke, Topeka,KS 66608|785-379-0417|2-EV Level 2 Charges/2-EV Level 3 Supercharges/8-Tesla Superchargers"
-90.48603,31.19081,"Love's TS [EV Charging]-McComb,MS","I-55 Exit 13|1119 Airport Fernwood Rd, McComb,MS 39648|601-684-3353|5-EV Level 2 Chargers"
-104.637716,34.946713,"Love's TS [EV Charging]-Santa Rosa,NM","I-40 Exit 277|1028 State Hwy 156, Santa Rosa,NM 88435|575-472-1160|8-EV Level 3 Chargers"
-103.7014956,35.15868274,"Love's TS [EV Charging]-Tucumcari,NM","I-40 Exit 333|1900 Mountain Rd, Tucumcari,NM 88401|575-461-1900|8-EV Level 3 Chargers"
-75.836097,42.101864,"Love's TS [EV Charging]-Binghamton,NY","I-81 Exit 9 SB/8 NB|2 Industrial Park Dr, Binghamton,NY 13904|607-651-9153|8-EV Level 3 Chargers"
-79.743629,42.258835,"Love's TS [EV Charging]-Ripley,NY","I-90 Exit 61 SWC|6201 Shortman Rd, Ripley,NY 14775|716-736-2023|4-EV Level 3 Chargers"
-76.847761,42.964412,"Love's TS [EV Charging]-Waterloo,NY","I-90 Exit 41|1262 Rte 414, Waterloo,NY 13165|315-835-7244|4-EV Level 3 Chargers"
-96.83464,35.72777,"Love's TS [EV Charging]-Chandler,OK","I-44 Exit Mile 169 9EB Only)|169E Turner Tpke, Chandler,OK 74834|405-258-4110|12-EV Level 3 Chargers"
-97.889421,35.081871,"Love's TS [EV Charging]-Chickasha,OK","I-44/HE Bailey Tpke Exit Mile 85|1896 HE Bailey Tpke, Chickasha,OK 73018|405-224-0671|12-EV Level 3 Chargers"
-99.869543,35.224054,"Love's TS [EV Charging]-Erick,OK","I-40 Exit 7|901 N Sheb Wooley Ave, Erick,OK 73645|580-526-3345|8-Level 3 Chargers"
-95.825601,34.907161,"Love's TS [EV Charging]-McAlester,OK","Indian Nation Turnpike Exit 66|MM 66 Indian Nation Turnpike, McAlester,OK 74501|918-421-8940|12-EV Level 3 Chargers"
-95.421201,35.852881,"Love's TS [EV Charging]-Muskogee,OK","Exit Mile 25 Muskogee Tpke|498 Muskogee Tpke, Muskogee,OK 74401|918-683-4821|12-EV Level 3 Chargers"
-98.409611,34.370171,"Love's TS [EV Charging]-Walters,OK","HE Bailey Turnpike Exit MM 21|Mile 21 HE Bailey Turnpike, Walters,OK 73572|580-875-3992|8-EV Level 3 Chargers"
-79.060482,41.160141,"Love's TS [EV Charging]-Brookville,PA","I-80 Exit 81/PA Hwy 28|1373 Rt 28, Brookville,PA 15825|814-646-6014|4-EV Level 3 Chargers"
-76.515328,40.450148,"Love's TS [EV Charging]-Jonestown,PA","I-81 Exit 90|22 Old Forge Rd, Jonestown,PA 17038|717-861-7390|4-EV Level 3 Chargers"
-76.318757,41.026768,"Love's TS [EV Charging]-Mifflinville,PA","I-80 Exit 242|440 W 3rd, Mifflinville,PA 18631|570-752-9013|4-EV Level 3 Chargers"
-80.126638,41.035562,"Love's TS [EV Charging]-Slippery Rock,PA","I-79 Exit 105|1011 New Castle Rd, Slippery Rock,PA 16057|724-530-2965|4-EV Level 3 Chargers"
-102.14146,31.947692,"Love's TS [EV Charging]-Midland,TX","I-20 Exit 131|5200 Cholla Rd, Midland,TX 79706|432-699-2374|8-EV Tesla Superchargers"
-96.898726,32.193688,"Love's TS [EV Charging]-Italy,TX","I-35E Exit 386|1021 Dale Evans, Italy,TX 76651|972-483-1686|10-EV Tesla Superchargers"
-98.185317,28.521119,"Love's TS [EV Charging]-Three Rivers,TX","I-37 Exit 72|2645 S Hwy 37, Three Rivers,TX 78071|361-786-2523|8-EV Tesla Superchargera"
-111.854563,38.932034,"Love's TS [EV Charging]-Salina,UT","I-70 Exit 56|1915 South State St, Salina,UT 84654|435-287-0460|8-EV Level 3 Chargers"
