-120.103209,36.074641,"EZ Trip-CA:Avenal-76 Parking Spaces - i-5  Exit 319, 44779 S Lassen Ave; Avenal",CA 93234>559-386-9859
-119.331024,35.353857,"EZ Trip-CA:Bakersfield - I-5  Exit 253, 29541 Stockdale Hwy; Bakersfield",CA 93314>661-477-1713
-120.0258165,36.9253462,"EZ Trip-CA:Madera-28 Parking Spaces - Hwy 99  Exit 151, 28577 Ave 12; Madera",CA 93637>559-975-9001
-123.057344,44.55519419,"EZ Trip-OR:Albany-30 Parking Spaces - I-5   Exit 228, 33380 Hwy 34 SE; Albany",OR 97322>458-246-1037
-120.8317981,45.66976344,"EZ Trip-OR:Biggs Junction-20 Parking Spaces - I-84  Exit 104, 91558 Biggs Rufus Hwy; Biggs Junction",OR 97065>541-739-2069
-114.004072,51.009581,"Flying J CAN Dealer-AB:Calgary-85 Parking Spaces - 4949 Barlow Trail SE, 4949 Barlow Trail SE; Calgary",AB T2B 3B5>403-273-4949
-113.61202,53.57087,"Flying J CAN Dealer-AB:Edmonton-100 Parking Spaces - 16806 118 Ave, 16806 118 Ave; Edmonton",AB T5V 1M8>780-455-1111
-111.811603,51.61815,"Flying J CAN Dealer-AB:Hanna-100 Parking Spaces - Hwy 9 & Hwy 36 S, Jct Hwy 9 & Hwy 36 S; Hanna",AB T0J 1P0>403-854-5000
-117.2822623,55.0516443,"Flying J CAN Dealer-AB:Valley View-10 Parking Spaces - AB-43 near 36 Ave, 3806 Highway St; Valley View",AB T0H 3N0>780-524-4666
-122.006417,49.146877,"Flying J CAN Dealer-BC:Chilliwack-21 Parking Spaces - 7970 Lickman Rod, 7970 Lickman Rd; Chilliwack",BC V2R 1A9
-115.298001,49.3760152,"Flying J CAN Dealer-BC:Jaffray - Hwy 3 and Tie Lake Rd, 1950 BC-3; Jaffray",BC V0B 1T0>250-429-3816
-79.8765548,43.7726241,"Flying J CAN Dealer-ON:Inglewood - ON-10 and Hurontario, 13947 Hurontario St; Inglewood",ON L7C 2C9>905-838-1355
-79.047768,43.828488,"Flying J CAN Dealer-ON:Pickering-50 Parking Spaces - Hwy 401, 2000 Clements Rd; Pickering",ON L1W 4A1>905-428-9700
-82.96307676,42.23068863,"Flying J CAN Dealer-ON:Tecumseh-17 Parking Spaces - ON-3 and Walker Rd, 5470 Walker Rd; Tecumseh",ON N0R 1L0>519-737-9900
-82.116584,42.987294,"Flying J CAN Dealer-ON:Wyoming-100 Parking Spaces - Hwy 402 Exit 25, 5906 Oil Heritage Road; Wyoming",ON N0N 1T0>519-845-0023
-105.973048,51.249516,"Flying J CAN Dealer-SK:Davidson - Hwy 11 & Hwy 44 Junction, Hwy 11 and Hwy 44 JunctiON:Davidson",SK S0G 1A0>306-567-3222
-113.99839,51.29284,"Flying J Cardlock-AB:Airdrie-10 Parking Spaces - 69-73 E Lake Crescent NE, 85 E Lake Crescent NE; Airdrie",AB T4B 2B5
-114.00491,51.075,"Flying J Cardlock-AB:Calgary - 2525 23 St NE, 2525 23 St NE; Calgary",AB T2E 7M1
-116.42203,53.58392,"Flying J Cardlock-AB:Edson Motco - 2520 - 2 Ave, 2520-2 Ave; Edson Motco",AB T7E 1T9
-112.778748,49.675537,"Flying J Cardlock-AB:Lethbridge - 1005 - 43 St, 1005 43 St S; Lethbridge",AB T1K 7B8
-110.037,53.286,"Flying J Cardlock-AB:Lloydminster - 5109 - 63 Ave, 5109 63 St Ave; Lloydminster",AB T9V 3T8
-122.26543,49.02003,"Flying J Cardlock-BC:Abbotsford - 929 Coutts Way & Sumas Way, 929 Coutts Way & Sumas Way; Abbotsford",BC V2S 4N2
-115.75174,49.53604,"Flying J Cardlock-BC:Cranbrook - 2209 Theatre Rd, 2209 Theatre Rd; Cranbrook",BC V1C 4H4
-116.523547,49.112525,"Flying J Cardlock-BC:Creston - 1411 Northwest Blvd, 1411 Northwest Blvd; Creston",BC V0B 1G6
-120.280113,55.781869,Flying J Cardlock-BC:Dawson Creek - 1725 Alaska Ave; Dawson Creek,BC V0C 2C0
-122.879016,49.230244,"Flying J Cardlock-BC:New Westminster - 24 Braid St, 24 Braid St; New Westminster",BC V3L 3P3
-122.73472,53.876661,"Flying J Cardlock-BC:Prince George-5 Parking Spaces - 4869 Continental Way, 4869 Continental Way; Prince George",BC V2N 5S5
-97.0742,49.8912,"Flying J Cardlock-MB:Winnipeg - Hwy 59, 131 Warman Rd; Winnipeg",MB R2J 3R3
-93.272928,45.130492,Flying J Cardlock-MN; Coon Rapids - 8855 Evergreen Blvd; Coon Rapids,MN 55303
-80.215204,43.169361,"Flying J Cardlock-ON:Brantford - Hwy 403 Exit 41, 11 Sinclair Blvd; Brantford",ON N3S 7X6
-104.565,50.46536,"Flying J Cardlock-SK:Regina-12 Parking Spaces - 1511 Ross Ave E, 1511 Ross Ave E; Regina",SK S4R 1J2>306-789-3502
-102.475574,51.225317,"Flying J Cardlock-SK:Yorkton - Hwy 16A Bypass on York, 191 York Rd W; Yorkton",SK S3N 3N5
-116.945441,40.649625,"Flying J DLR - Broadway-NV:Battle Mountain-70 Parking Spaces - I-80 Exit 231, 650 W Front St; Battle Mountain",NV 89820>775-635-5424
-120.537803,46.971021,"Flying J DLR - Broadway-WA:Ellensburg-100 Parking Spaces - I-90  Exit 109, 2300 Canyon Rd; Ellensburg",WA 98926>509-215-5014
-119.082498,46.262493,"Flying J DLR - Broadway-WA:Pasco-40 Parking Spaces - US-395, 2216 E Hillsboro Rd; Pasco",WA 99301>509-547-5561
-117.506669,47.620845,"Flying J DLR - Broadway-WA:Spokane-2 Parking Spaces - I-90  Exit 276, 3709 S Geiger Blvd; Spokane",WA 99224>509-456-8843
-117.315516,47.663394,"Flying J DLR - Broadway-WA:Spokane-60 Parking Spaces - I-90  Exit 286, 6606 E Broadway Ave; Spokane",WA 99212>509-215-4765
-111.8679642,50.57196089,"Flying J Fuel Stop-AB:Brooks-20 Parking Spaces - 1260 Cassils Rd E, 1260 Cassils Rd E; Brooks",AB T1R 1B7>403-362-5594
-113.974949,50.990041,"Flying J Fuel Stop-AB:Calgary-15 Parking Spaces - 4216 72 Ave SE, 4216 72 Ave SE; Calgary",AB T2C 2C1>403-879-4338
-113.766975,50.341778,"Flying J Fuel Stop-AB:Nanton-71 Parking Spaces - Hwy 2, 2810 21st Ave; Nanton",AB T0L 1R0>403-646-2810
-113.542631,53.339461,"Flying J Fuel Stop-AB:Nisku-8 Parking Spaces - 302 20th Ave, 302 20 Ave; Nisku",AB T9E 7Z9>780-652-6052
-113.848703,52.287481,"Flying J Fuel Stop-AB:Red Deer-26 Parking Spaces - 67th Ave & 67 St, 6607 67th St; Red Deer",AB T4P 1A4>403-879-9450
-115.695415,54.136921,"Flying J Fuel Stop-AB:Whitecourt-41 Parking Spaces - Hwy 43 & Governlock Rd, 5329 Mountain Road; Whitecourt",AB T7S 1K6>780-652-1212
-122.955768,49.170022,"Flying J Fuel Stop-BC:Annacis Island Delta-4 Parking Spaces - 1291 Cliveden Ave, 1291 Cliveden Ave; Annacis Island Delta",BC V5M 6G4>604-521-4445
-98.211921,49.973492,"Flying J Fuel Stop-MB:Portage La Prairie-40 Parking Spaces - Hwy 1 E, Hwy 1 E; Portage La Prairie",MB R1N 3B2>204-857-9997
-97.229308,49.942178,"Flying J Fuel Stop-MB:Winnipeg-20 Parking Spaces - 1747 Brookside Blvd, 1747 Brookside Blvd; Winnipeg",MB R3C 2E6>204-400-0215
-79.6088,43.74438,"Flying J Fuel Stop-ON:Etobicoke-16 Parking Spaces - Hwy 27, 1765 Albion Rd; Etobicoke",ON M9W 5S7>416-674-8665
-82.369442,49.396936,"Flying J Fuel Stop-ON:Kapuskasing-40 Parking Spaces - 410 Government Rd E, 410 Government Rd E; Kapuskasing",ON P5N 2X7>705-337-1333
-79.649544,43.653347,"Flying J Fuel Stop-ON:Mississauga-86 Parking Spaces - Hwy 401 Exit Dixie Rd, 1400 Britannia Rd E; Mississauga",ON L4W 1C8>905-564-6216
-104.289309,50.479056,"Flying J Fuel Stop-SK:Balgonie-98 Parking Spaces - Hwy 1 & Hwy 46, 1800 N Service Rd; Balgonie",SK S0G 0E0>306-988-0486
-105.544858,50.426525,"Flying J Fuel Stop-SK:Moose Jaw-18 Parking Spaces - 370 N Service Rd Hwy 1, 370 N Service Rd; Moose Jaw",SK S6H 4N9>306-693-5858
-103.150399,44.103461,"Flying J Licensee-SD:Rapid City-125 Parking Spaces - I-90  Exit 61, 4200 N I-90 Service Rd Exit 61; Rapid City",SD 57701>605-342-5450
-88.957163,38.311016,"Flying J US Dealer-IL:Mt. Vernon-200 Parking Spaces - I-64/57 and Hwy 15, 101 S 45th St; Mt. Vernon",IL 62864>618-244-2616
-101.01006,46.86077,"Flying J US Dealer-ND; Mandan-125 Parking Spaces - I-94  Exit 147, 3825 Business Loop I-94; Mandan",ND 58554>701-663-6922
-115.391695,35.609695,"Flying J US Dealer-NV:Primm-125 Parking Spaces - I-15  Exit 1, 115 W Primm Blvd; Primm",NV 89019>702-679-6666
-99.007684,32.373728,"Flying J US Dealer-TX:Cisco-120 Parking Spaces - I-20/TX-206  Exit 330, 16851 I-20; Cisco",TX 76437>254-442-1040
-97.610854,30.811297,"Flying J US Dealer-TX:Jarrell-140 Parking Spaces - I-35 &  Exit 275, 11710 N I-35; Jarrell",TX 76537>512-746-4341
-112.653202,38.29261,"Flying J US Dealer-UT:Beaver-120 Parking Spaces - I-15  Exit 112, 653 W 1400 North; Beaver",UT 84713>435-438-5191
-112.116192,39.255656,"Flying J US Dealer-UT:Scipio-35 Parking Spaces - I-15  Exit 188, 810 N 800 West; Scipio",UT 84656>435-758-2345
-113.979407,50.948795,"Flying J-AB:Calgary-128 Parking Spaces - 11511 40th St SE, 11511 - 40 St SE; Calgary",AB T2Z 4M8>403-720-0904
-110.732657,50.053049,"Flying J-AB:Medicine Hat-52 Parking Spaces - Hwy 1 & Saamis Dr NW, 2194 Saamis Dr; Medicine Hat",AB T1C 1W7>403-879-6236
-113.316928,53.56694,"Flying J-AB:Sherwood Park-152 Parking Spaces - Yellowhead Hwy 16/ Broadmoor Blvd, 50 Pembina Rd; Sherwood Park",AB T8H 2G9>780-416-2035
-86.83154,33.562347,"Flying J-AL:Birmingham-170 Parking Spaces - I-65 & SR 94  Exit 264, 224 Daniel Payne Dr; Birmingham",AL 35207>205-323-2177
-85.400127,31.191843,"Flying J-AL:Dothan-165 Parking Spaces - Ross Clark Hwy/Hwy 231, 2190 Ross Clark Cir; Dothan",AL 36301>334-792-5152
-86.420349,32.194557,"Flying J-AL:Hope Hull-160 Parking Spaces - I-65  Exit 158, 900 Tyson Rd; Hope Hull",AL 36043>334-613-0212
-87.046503,33.321634,"Flying J-AL:Mccalla-163 Parking Spaces - I-20/I-59  Exit 104, 6098 Macashan Dr; Mccalla",AL 35111>205-477-9181
-93.089304,35.283505,"Flying J-AR:Russellville-154 Parking Spaces - I-40  Exit 84, 42 Bradley Cove Rd; Russellville",AR 72801>479-890-6161
-93.948528,33.513522,"Flying J-AR:Texarkana-155 Parking Spaces - I-30   Exit 7, 8300 AR-108; Texarkana",AR 71854>870-774-3595
-90.143513,35.153655,"Flying J-AR:West Memphis-225 Parking Spaces - I-40  Exit 280/I-55  Exit 4, 3400 Service Loop Rd; West Memphis",AR 72301>870-735-8200
-114.484358,33.609648,"Flying J-AZ:Ehrenberg-271 Parking Spaces - I-10  Exit 1, 14190 Flying J Rd; Ehrenberg",AZ 85334>928-923-9600
-111.549763,32.731761,"Flying J-AZ:Eloy-210 Parking Spaces - I-10  Exit 208A, 16189 S Sunshine Blvd; Eloy",AZ 85131>520-466-9204
-114.006945,35.220003,"Flying J-AZ:Kingman-95 Parking Spaces - I-40  Exit 53, 3300 E Andy Devine Ave; Kingman",AZ 86401>928-757-7300
-112.2054,33.460873,"Flying J-AZ:Phoenix-185 Parking Spaces - I-10  Exit 137, 6700 W Latham St; Phoenix",AZ 85043>623-936-1118
-110.674059,35.016021,"Flying J-AZ:Winslow-146 Parking Spaces - I-40  Exit 255, 400 Transcon Lane; Winslow",AZ 86047>928-289-2081
-114.1555,34.91327,"Flying J-AZ:Yucca-141 Parking Spaces - I-40  Exit 28, 10835 S Double R Dr; Yucca",AZ 86438>928-754-0852
-121.482695,49.365201,"Flying J-BC:Hope-50 Parking Spaces - Hwy 1 Exit 168, 63100 Flood Hope Rd; Hope",BC V0X 1L2>604-283-7618
-119.187644,35.531807,"Flying J-CA:Bakersfield-218 Parking Spaces - Hwy 99  Exit 39 (Merced Ave), 17047 Zachary Ave; Bakersfield",CA 93308>661-392-5300
-117.080693,34.854121,"Flying J-CA:Barstow-162 Parking Spaces - I-15/I-40  Exit 178 & Lenwood Road US 58, 2611 Fisher Blvd; Barstow",CA 92311>760-441-7068
-117.4928918,34.06447411,"Flying J-CA:Fontana-68 Parking Spaces - I-10  Exit 61, 14320 Slover Ave; Fontana",CA 92337>909-574-4866
-121.275608,37.855676,"Flying J-CA:Lathrop-117 Parking Spaces - I-5  Exit 465, 345 Roth Rd; Lathrop",CA 95330>209-982-1460
-118.887325,34.816763,"Flying J-CA:Lebec-280 Parking Spaces - I-5 Frazier Park  Exit 205, 42810 Frazier Mountain Park Rd; Lebec",CA 93243>661-248-6519
-121.394173,38.117877,"Flying J-CA:Lodi-203 Parking Spaces - I-5  Exit 485 & Hwy 12, 15100 N Thornton Rd; Lodi",CA 95242>209-339-4066
-117.5271456,34.01471606,"Flying J-CA:Mira Loma-124 Parking Spaces - Hwy 60  Exit 42, 11053 Riverside Dr; Mira Loma",CA 91752>951-681-1032
-121.165039,37.465164,"Flying J-CA:Patterson-124 Parking Spaces - I-5  Exit 434, 2275 Sperry Ave; Patterson",CA 95363>209-892-9225
-117.42134,34.13775,"Flying J-CA:Rialto-91 Parking Spaces - Hwy 210  Exit 68, 2325 Sierra Lakes Pkwy; Rialto",CA 92377>909-903-3641
-121.144322,37.756119,"Flying J-CA:Ripon-194 Parking Spaces - Hwy 99  Exit 237 Jack Tone Rd, 1501 N Jack Tone Rd; Ripon",CA 95366>209-599-4141
-118.4148405,35.1275617,"Flying J-CA:Tehachapi-99 Parking Spaces - Hwy 58  Exit 151, 1668 E Tehachapi Blvd; Tehachapi",CA 93561>661-823-1049
-116.403606,33.81822,"Flying J-CA:Thousand Palms-44 Parking Spaces - I-10  Exit 130 Bob Hope Dr, 72235 Varner Rd; Thousand Palms",CA 92276>760-343-1500
-119.3330182,36.1804339,"Flying J-CA:Tulare-138 Parking Spaces - Hwy 99  Exit 85, 979 E Paige Ave; Tulare",CA 93274>559-686-0206
-104.793789,39.762702,"Flying J-CO:Aurora-159 Parking Spaces - I-70  Exit 285 S, 16751 East 32nd Ave; Aurora",CO 80011>720-615-0167
-103.709784,39.275403,"Flying J-CO:Limon-173 Parking Spaces - I-70 &  Exit 359, 2495 Williams Ave; Limon",CO 80828>719-775-9286
-80.80214,28.37602,"Flying J-FL:Cocoa-89 Parking Spaces - I-95 & Hwy 524, 1101 Friday Rd; Cocoa",FL 32926>321-433-3150
-82.321754,28.326345,"Flying J-FL:Dade City-180 Parking Spaces - I-75  Exit 285 & SR 52, 29933 SR 52; Dade City",FL 33576>352-588-5444
-80.398071,27.449632,"Flying J-FL:Fort Pierce-166 Parking Spaces - I-95 Hwy 68  Exit 131, 100 N Kings Hwy; Fort Pierce",FL 34945>772-461-0091
-84.429881,30.493933,"Flying J-FL:Midway-156 Parking Spaces - I-10  Exit 192, 32670 Blue Star Hwy; Midway",FL 32343>850-574-9779
-82.3036,28.010533,"Flying J-FL:Seffner-40 Parking Spaces - I-4 & SR 579  Exit 10, 11555 E Sligh Ave; Seffner",FL 33584>813-612-9438
-81.343694,29.749927,"Flying J-FL:St. Augustine-165 Parking Spaces - I-95 Hwy 206  Exit 305, 950 SR 206 W; St. Augustine",FL 32086>904-794-0426
-81.578249,31.140854,"Flying J-GA:Brunswick-155 Parking Spaces - I-95  Exit 29, 2990 US-17 S; Brunswick",GA 31523>912-280-0006
-83.32232,34.347462,"Flying J-GA:Carnesville-203 Parking Spaces - I-85  Exit 160, 10226 Old Federal Rd; Carnesville",GA 30521>706-750-9346
-83.07743028,33.54733347,"Flying J-GA:Greensboro-189 Parking Spaces - I-20 &  Exit 138, 3600 Hwy 77 S; Greensboro",GA 30642>706-486-4835
-84.064004,33.208006,"Flying J-GA:Jackson-200 Parking Spaces - I-75  Exit 201, 1125 Bucksnort Rd; Jackson",GA 30233>770-775-0138
-83.190486,30.641236,"Flying J-GA:Lake Park-207 Parking Spaces - I-75  Exit 2, 7001 Lake Park Bellville Rd; Lake Park",GA 31636>229-559-6500
-84.946624,34.576835,"Flying J-GA:Resaca-209 Parking Spaces - I-75  Exit 320, 288 Resaca Beach Blvd; Resaca",GA 30735>706-629-1541
-85.025684,33.719612,"Flying J-GA:Temple-164 Parking Spaces - I-20 & Hwy 113  Exit 19, 650 Carrollton St; Temple",GA 30179>770-562-0560
-93.500274,41.66001,"Flying J-IA:Altoona (Des Moines Area)-350 Parking Spaces - I-80 US 65  Exit 142, 3231 Adventureland Dr; Altoona (Des Moines Area)",IA 50009>515-967-7878
-90.625746,41.602709,"Flying J-IA:Davenport-153 Parking Spaces - I-80  Exit 292, 8200 NW Blvd; Davenport",IA 52806>563-386-7710
-92.252607,42.460189,"Flying J-IA:Evansdale-85 Parking Spaces - I-380 & Evansdale Dr, 445 Evansdale Drive; Evansdale",IA 50707>319-291-7714
-93.572673,42.470283,"Flying J-IA:Williams-100 Parking Spaces - I-35 & SR 20  Exit 144, 3040 220Th St; Williams",IA 50271>515-516-0821
-116.653932,43.661928,"Flying J-ID:Caldwell-100 Parking Spaces - I-84  Exit 29, 3512 Franklin Rd; Caldwell",ID 83605>208-453-9225
-112.115729,43.439932,"Flying J-ID:Idaho Falls-107 Parking Spaces - I-15  Exit 113, 6485 W Overland Dr; Idaho Falls",ID 83402>208-522-4149
-114.442418,42.649585,"Flying J-ID:Jerome-100 Parking Spaces - I-84  Exit 173, 5350 Hwy 93; Jerome",ID 83338>208-324-3454
-112.206198,42.660268,"Flying J-ID:Mccammon-95 Parking Spaces - I-15  Exit 47, 587 E US-30; Mccammon",ID 83250>208-845-0866
-116.997554,47.71146,"Flying J-ID:Post Falls-100 Parking Spaces - I-90  Exit 2, 3636 W 5th Ave; Post Falls",ID 83854>208-773-0593
-90.098046,38.576154,"Flying J-IL:Alorton-216 Parking Spaces - I-255 &  Exit 17a, 140 Racehorse Dr; Alorton",IL 62207>618-337-4579
-88.566303,39.133438,"Flying J-IL:Effingham-185 Parking Spaces - I-70 & I-57  Exit 160, 1701 W Evergreen Ave; Effingham",IL 62401>217-347-7161
-89.099175,41.36878,"Flying J-IL:LaSalle-201 Parking Spaces - I-80  Exit 77, 343 Civic Rd; LaSalle",IL 61301>815-220-0611
-90.064548,38.760186,"Flying J-IL:Pontoon Beach-230 Parking Spaces - I-270 &  Exit 6B, 1310 E Chain Of Rocks Rd; Pontoon Beach",IL 62040>618-931-1580
-88.998844,42.494161,"Flying J-IL:South Beloit-204 Parking Spaces - I-90 & Hwy 75, 16049 Willowbrook Rd; South Beloit",IL 61080>815-389-4760
-87.55261,38.174949,"Flying J-IN:Haubstadt-145 Parking Spaces - I-64 & SR 41  Exit 25B, 844 East 1250 S; Haubstadt",IN 47639>812-768-5304
-87.294659,41.287723,"Flying J-IN:Hebron-379 Parking Spaces - Rt 2 & I-65  Exit 240, 3231 E 181st Ave; Hebron",IN 46341>219-696-6446
-86.191428,39.692528,"Flying J-IN:Indianapolis-104 Parking Spaces - I-465  Exit 4, 1720 W Thompson Rd; Indianapolis",IN 46217>317-783-5543
-87.238164,41.586429,"Flying J-IN:Lake Station-380 Parking Spaces - I-94 &  Exit 15b, 1401 Ripley St; Lake Station",IN 46405>219-962-6555
-86.473543,40.032307,"Flying J-IN:Lebanon-169 Parking Spaces - I-65  Exit 139, 520 S SR 39; Lebanon",IN 46052>765-483-9755
-85.555313,40.553673,"Flying J-IN:Marion-80 - I-69 & SR 18  Exit 264, 6255 SR 18 E; Marion",IN 46952>765-673-0059
-84.979902,41.058915,"Flying J-IN:New Haven-88 Parking Spaces - Hwy 30; I-469 &  Exit 19, 3105 Doyle Rd; New Haven",IN 46774>260-493-4035
-85.412464,39.851228,"Flying J-IN:Spiceland-205 Parking Spaces - I-70  Exit 123, 5300 S SR 3; Spiceland",IN 47385>765-932-8887
-86.036469,39.549087,"Flying J-IN:Whiteland-178 Parking Spaces - I-65 Whiteland Rd  Exit 95, 82 White St; Whiteland",IN 46184>317-535-1704
-96.237746,38.41144,"Flying J-KS:Emporia-74 Parking Spaces - I-35 & US-50  Exit 127, 4215 W Hwy 50; Emporia",KS 66801>620-343-2717
-97.592795,38.878632,"Flying J-KS:Salina-128 Parking Spaces - I-70  Exit 253, 2250 N Ohio St; Salina",KS 67401>785-825-5300
-82.696602,38.364823,"Flying J-KY:Catlettsburg-160 Parking Spaces - I-64 SR 180  Exit 185, 15236 SR 180; Catlettsburg",KY 41129>606-928-8383
-86.553559,36.661967,"Flying J-KY:Franklin-178 Parking Spaces - I-65 US-31 W  Exit 2, 4380 Nashville Rd; Franklin",KY 42134>270-586-3343
-87.455423,36.697202,"Flying J-KY:Oak Grove-130 Parking Spaces - I-24  Exit 86, 18750 Herndon Oak Grove Rd.; Oak Grove",KY 42262>270-640-7000
-85.067276,38.156657,"Flying J-KY:Waddy-118 Parking Spaces - I-64 & Hwy 395  Exit 43, 1670 Waddy Rd; Waddy",KY 40076>502-829-9100
-84.625681,38.857289,"Flying J-KY:Walton-219 Parking Spaces - I-75  Exit 171, 13019 Walton Verona Rd; Walton",KY 41094>859-485-4400
-93.978872,32.444404,"Flying J-LA:Greenwood-199 Parking Spaces - I-20  Exit 3, 9510 Greenwood Rd; Greenwood",LA 71033>318-938-7744
-91.2462215,30.4543205,"Flying J-LA:Port Allen - I-10  Exit 151, 420 N Lobdell Hwy; Port Allen",LA 70767
-97.339371,49.877061,"Flying J-MB:Headingley-166 Parking Spaces - Hwy 1 & Camp Manitou Rd, 4100 Portage Ave; Headingley",MB R4H 1C5>204-202-1198
-97.192021,49.569483,"Flying J-MB:Ste Agathe-44 Parking Spaces - Hwy 75 & Hwy 305, 354 Voyageur Rd; Ste Agathe",MB R0G 1Y0>873-803-0253
-75.807571,39.638285,"Flying J-MD:Elkton-250 Parking Spaces - I-95  Exit 109A, 221 Belle Hill Rd; Elkton",MD 21921>410-398-0287
-75.949189,39.625393,"Flying J-MD:Northeast-195 Parking Spaces - I-95  Exit 100, 1 Center Dr; Northeast",MD 21901>410-287-7110
-84.678265,42.787484,"Flying J-MI; Grand Ledge-145 Parking Spaces - I-96 &  Exit 90/I-69 &  Exit 81, 7800 W Grand River Ave.; Grand Ledge",MI 48837>517-627-7504
-83.894781,43.4517,"Flying J-MI; Saginaw-53 Parking Spaces - I-75 & Washington St  Exit 151, 3475 E Washington; Saginaw",MI 48601>989-752-6350
-83.240122,42.136773,"Flying J-MI; Woodhaven-254 Parking Spaces - I-75  Exit 32A, 21055 West Rd; Woodhaven",MI 48183>734-675-4965
-93.295548,44.470506,"Flying J-MN; Northfield-80 Parking Spaces - I-35  Exit 69, 8051 Bagley Avenue; Northfield",MN 55057>507-645-6082
-89.314384,36.922086,"Flying J-MO; Charleston-84 Parking Spaces - I-57  Exit 12, 2460 E Hwy 60; Charleston",MO 63834>573-683-4153
-94.429973,37.055441,"Flying J-MO; Joplin-168 Parking Spaces - I-44 US-71  Exit 11A, 11570 Hwy Ff; Joplin",MO 64804>417-626-7600
-94.497324,39.130651,"Flying J-MO; Kansas City-121 Parking Spaces - I-435 Front St, 1300 N Corrington Ave; Kansas City",MO 64120>816-483-7600
-89.541742,36.760218,"Flying J-MO; Matthews-171 Parking Spaces - I-55  Exit 58, 703 MO-80; Matthews",MO 63867>573-472-3336
-94.451555,38.723308,"Flying J-MO; Peculiar-171 Parking Spaces - I-49  Exit 167, 700 J Hwy; Peculiar",MO 64078>816-779-8000
-93.38118,37.213021,"Flying J-MO; Springfield-100 Parking Spaces - I-44  Exit 72, 4939 West Chestnut Epwy; Springfield",MO 65802>417-864-4175
-91.158632,38.225932,"Flying J-MO; Sullivan-173 Parking Spaces - I-44/Hwy 185  Exit 226, 825 N Loop Rd; Sullivan",MO 63080>573-415-0945
-91.228114,38.840342,"Flying J-MO; Warrenton-181 Parking Spaces - I-70  Exit 188, 1 Campbranch Rd; Warrenton",MO 63383>636-456-2001
-91.569996,40.395805,"Flying J-MO; Wayland-99 Parking Spaces - Hwy 136 & Hwy 27, 102 Fore Dr; Wayland",MO 63472>660-754-1550
-89.137685,30.420777,"Flying J-MS; Gulfport-171 Parking Spaces - I-10  Exit 31, 9351 Canal Rd; Gulfport",MS 39503>228-868-2711
-89.793092,34.928741,"Flying J-MS; Olive Branch-70 Parking Spaces - Hwy 78 & Bethel Rd, 4740 Bethel Rd; Olive Branch",MS 38654>662-895-1001
-90.161078,32.278394,"Flying J-MS; Pearl-182 Parking Spaces - I-20/I-55  Exit 47, 685 Hwy 80 E; Pearl",MS 39208>601-936-0190
-79.352487,36.072178,"Flying J-NC; Graham-256 Parking Spaces - I-85 & I-40  Exit 150, 1043 Jimmie Kerr Rd; Graham",NC 27258>336-578-2427
-78.14597,35.574095,"Flying J-NC; Kenly-164 Parking Spaces - I-95 &  Exit 106, 1800  Princeton-Kenly Rd; Kenly",NC 27542>919-284-4548
-80.747035,36.486858,"Flying J-NC; Mount Airy-150 Parking Spaces - I-77  Exit 100, 125 Plaza La; Mount Airy",NC 27030>743-212-0310
-104.00894,46.929262,"Flying J-ND; Beach-89 Parking Spaces - I-94 & Hwy 16, I-94 ND-16; Beach",ND 58621>701-409-0827
-96.844059,46.833559,"Flying J-ND; Fargo-168 Parking Spaces - I-29  Exit 62, 3150 39th St SW; Fargo",ND 58104>701-282-7766
-97.093382,47.887971,"Flying J-ND; Grand Forks-65 Parking Spaces - I-29  Exit 138, 4401 32nd Ave S; Grand Forks",ND 58201>701-738-0017
-101.350209,48.22387,"Flying J-ND; Minot-55 Parking Spaces - Hwy 2 & 52  Exit 83, 3800 Hwy 2 And 52 W; Minot",ND 58701>701-839-5061
-102.070574,41.052178,"Flying J-NE:Big Springs-500 Parking Spaces - I-80  Exit 107, 109 Circle Rd; Big Springs",NE 69122>308-889-3686
-96.25452,41.091131,"Flying J-NE:Gretna-161 Parking Spaces - I-80 Exit 432, 15010 NE-31; Gretna",NE 68028>402-332-4483
-100.72662,41.100851,"Flying J-NE:North Platte-129 Parking Spaces - I-80 Exit 179, 3400 S Newberry Rd; North Platte",NE 69101>308-532-4555
-75.485705,39.684636,"Flying J-NJ:Carneys Point-213 Parking Spaces - I-295 Exit 2C, 326 Slapes Corner; Carneys Point",NJ 08069>856-351-0080
-74.97501821,40.00725393,"Flying J-NJ:Cinnaminson-66 Parking Spaces - Hwy 130, 2601 US-130 S; Cinnaminson",NJ 08077>856-389-5382
-106.746458,35.079038,"Flying J-NM:Albuquerque-171 Parking Spaces - I-40 Exit 153, 9911 Avalon Rd NW; Albuquerque",NM 87105>505-831-2001
-108.432679,35.481551,"Flying J-NM:Jamestown-456 Parking Spaces - I-40  Exit 39, 1 Giant Crossing; Jamestown",NM 87347>505-722-6655
-108.676737,32.341143,"Flying J-NM:Lordsburg-273 Parking Spaces - I-10 Exit 24, 11 Old Hwy 70; Lordsburg",NM 88045>575-286-4798
-103.70431,35.158784,"Flying J-NM:Tucumcari-138 Parking Spaces - I-40 & Exit 333, 2021 S Mountain Rd; Tucumcari",NM 88401>575-461-6590
-119.21593,39.615091,"Flying J-NV:Fernley-160 Parking Spaces - I-80  Exit 48, 480 Truck Inn Way; Fernley",NV 89408>775-575-5919
-114.957502,41.098227,"Flying J-NV:Wells-206 Parking Spaces - I-80 & Hwy 93  Exit 352 S, 156 Hwy 93 S; Wells",NV 89835>775-241-3962
-117.747702,40.960611,"Flying J-NV:Winnemucca-105 Parking Spaces - I-80 Exit 176, 1880 W  Winnemucca Blvd; Winnemucca",NV 89445>775-623-0111
-78.40692,43.000805,"Flying J-NY:Pembroke-158 Parking Spaces - I-90 Exit 48A, 8484 Allegheny Rd; Pembroke",NY 14036>585-599-4430
-80.85585,41.790072,"Flying J-OH:Austinburg-168 Parking Spaces - I-90 & OH-45  Exit 223, 2349 Center Rd; Austinburg",OH 44010>440-275-1515
-83.967315,40.832336,"Flying J-OH:Beaverdam-157 Parking Spaces - I-75 Exit 135, 420 E Main St; Beaverdam",OH 45808>419-643-8001
-82.924027,40.267382,"Flying J-OH:Berkshire-159 Parking Spaces - I-71 Exit 131, 7735 E OH-37; Berkshire",OH 43074>740-965-9835
-84.7648,41.63356,"Flying J-OH:Edon-143 Parking Spaces - I-90  Exit OH-49, 14896 OH-49; Edon",OH 43518>419-688-5005
-80.570504,41.182562,"Flying J-OH:Hubbard-150 Parking Spaces - I-80 & Hwy 62  Exit 234B E, 2226 N Main St; Hubbard",OH 44425>330-534-3774
-83.537722,39.646085,"Flying J-OH:Jeffersonville-152 Parking Spaces - I-71 Exit 69, 9935 OH-41; Jeffersonville",OH 43128>740-426-9136
-83.460039,41.535126,"Flying J-OH:Lake Township-155 Parking Spaces - I-280 Exit 1B, 26415 Warns Rd; Lake Township",OH 43551>419-837-2100
-84.150066,39.411879,"Flying J-OH:Lebanon-109 Parking Spaces - I-71  Exit 32, 3140 OH-350; Lebanon",OH 45036>513-933-0312
-82.599217,39.942384,"Flying J-OH:Millersport-184 Parking Spaces - I-70 St Rd 158 Exit 122, 10480 Baltimore; Millersport",OH 43046>740-964-9601
-84.192599,39.902494,"Flying J-OH:Vandalia-100 Parking Spaces - I-75  Exit 64, 175 Northwoods Blvd; Vandalia",OH 45377>937-264-8520
-97.167697,34.200405,"Flying J-OK:Ardmore-148 Parking Spaces - I-35 &  Exit 33, 2450 Cooper Dr; Ardmore",OK 73401>580-226-3833
-95.539161,35.475957,"Flying J-OK:Checotah-156 Parking Spaces - US-69 & US-266, 1255 Gentry; Checotah",OK 74426>918-380-8631
-97.43662,35.596136,"Flying J-OK:Edmond-73 Parking Spaces - I-35 & NE 122nd Street, 4801 NE 122nd St; Edmond",OK 73013>405-475-9440
-97.690119,35.458313,"Flying J-OK:Oklahoma City-179 Parking Spaces - I-40  Exit 140, 701 S Morgan Rd; Oklahoma City",OK 73128>405-324-5000
-99.64087,35.265931,"Flying J-OK:Sayre-186 Parking Spaces - I-40 & US-283  Exit 20, 2400 S 4th Rte; Sayre",OK 73662>580-928-2216
-95.832356,36.162635,"Flying J-OK:Tulsa-136 Parking Spaces - I-44  Exit 236, 121 N 129 E Ave; Tulsa",OK 74116>918-437-5477
-80.432886,43.334119,"Flying J-ON:Ayr-29 Parking Spaces - Hwy 401 & Hwy 97 at Exit 268, 2492 Cedar Creek Rd; Ayr",ON N0B 1E0>519-624-9578
-78.967753,42.921235,"Flying J-ON:Fort Erie-110 Parking Spaces - QEW Exit 5, 1637 Pettit Rd; Fort Erie",ON L2A 5M4>905-991-1800
-74.49842,45.135949,"Flying J-ON:Lancaster-71 Parking Spaces - Hwy 401 Exit 814, 20382 Old Hwy 2; Lancaster",ON K0C 1N0>613-347-2221
-81.174003,42.93373,"Flying J-ON:London-222 Parking Spaces - Hwy 401 & Highbury Ave Exit 189, 3700 Highbury Ave S; London",ON N6N 1P3>519-686-9154
-76.968756,44.266786,"Flying J-ON:Napanee-186 Parking Spaces - 401 & CR 41 Exit 579, 628 CR 41 RR 6; Napanee",ON K7R 3L2>613-354-7044
-84.319842,46.556739,"Flying J-ON:Sault Ste. Marie-44 Parking Spaces - Hwy 17, 996 Great Northern Rd; Sault Ste Marie",ON P6B 0B6>705-945-9000
-88.78124,48.603094,"Flying J-ON:Shuniah-70 Parking Spaces - Hwy 11/17 @ Hwy 587, 3200 Hwy 11/17; Shuniah",ON P0T 2M0>807-977-2121
-82.461239,42.263491,"Flying J-ON:Tilbury-100 Parking Spaces - Hwy 401 Exit 56, 19325 Essex CR 42; Tilbury",ON N0P 2L0>519-682-1140
-122.809398,45.234067,"Flying J-OR:Aurora-58 Parking Spaces - I-5   Exit 278, 12334 Ehlen Rd Ne; Aurora",OR 97002>503-678-1262
-118.043595,45.296977,"Flying J-OR:La Grande-50 Parking Spaces - I-84  Exit 265, 63276 OR-203; La Grande",OR 97850>541-625-4997
-79.095428,41.172571,"Flying J-PA:Brookville-140 Parking Spaces - I-80  Exit 78, 246 Allegheny Blvd; Brookville",PA 15825>814-849-2992
-77.122071,40.235193,"Flying J-PA:Carlisle-269 Parking Spaces - I-81  Exit 52/I-76 &  Exit 226, 1501 Harrisburg Pke; Carlisle",PA 17013>717-243-6659
-76.340067,40.463801,"Flying J-PA:Frystown-150 Parking Spaces - I-78   Exit 10 (PA 645), 2210 Camp Swatara Rd; Frystown",PA 17067>717-933-4146
-76.726677,40.35268,"Flying J-PA:Harrisburg-125 Parking Spaces - I-81  Exit 77, 7833 Linglestown Rd; Harrisburg",PA 17112>717-901-6186
-77.523125,41.027928,"Flying J-PA:Mill Hall-147 Parking Spaces - I-80 and  Exit 173, 5609 Nittany Valley Dr; Mill Hall",PA 17751>570-726-4080
-75.682862,41.824803,"Flying J-PA:New Milford-131 Parking Spaces - I-81  Exit 219, 1623 Oliver Rd; New Milford",PA 18834>570-465-2974
-79.731906,40.170518,"Flying J-PA:Smithton-145 Parking Spaces - I-70   Exit 49, 122 Fitzhenry Rd; Smithton",PA 15479>724-872-4050
-81.509162,35.142827,"Flying J-SC:Blacksburg-154 Parking Spaces - I-85  Exit 102, 1011 North Mountain St; Blacksburg",SC 29702>864-839-5934
-81.024269,34.065037,"Flying J-SC:Columbia-178 Parking Spaces - I-20  Exit 70, 5901 Fairfield Rd; Columbia",SC 29203>803-735-9006
-79.532875,34.339724,"Flying J-SC:Latta-208 Parking Spaces - I-95  Exit 181A, 111 Mill Branch Rd; Latta",SC 29565>843-752-5047
-81.005732,34.856016,"Flying J-SC:Rock Hill-141 Parking Spaces - I-77 & Hwy 901   Exit 73, 2435 Mount Holly Rd; Rock Hill",SC 29730>803-328-5700
-80.602151,33.193532,"Flying J-SC:St George-118 Parking Spaces - I-95   Exit 77, 113 Motel Dr; St George",SC 29477>843-563-8989
-80.206313,33.082892,"Flying J-SC:Summerville-75 Parking Spaces - I-26   Exit 194, 799 Jedburg Rd; Summerville",SC 29483>843-851-2023
-96.767305,43.603621,"Flying J-SD:Sioux Falls-164 Parking Spaces - I-29  Exit 83, 5201 Granite La; Sioux Falls",SD 57107>605-977-1438
-106.668149,52.196379,"Flying J-SK:Saskatoon-85 Parking Spaces - Hwy 11 & Marquis Dr, 3850 Idylwyld Dr N; Saskatoon",SK S7P 0A1>306-955-6840
-87.17167,36.026395,"Flying J-TN:Fairview-158 Parking Spaces - I-40 & Hwy 96   Exit 182, 1420 Hwy 96 No; Fairview",TN 37062>615-799-4116
-84.236045,35.88177,"Flying J-TN:Knoxville-187 Parking Spaces - I-40 & I-75  Exit 369, 800 Watt Rd; Knoxville",TN 37932>865-531-7400
-89.41006,35.38845,"Flying J-TN:Mason-85 Parking Spaces - I-40   Exit 42, 7530 Hwy 222; Mason",TN 38049>901-352-6561
-101.723823,35.194246,"Flying J-TX:Amarillo-200 Parking Spaces - I-40  Exit 76, 9601 I-40 E Exit 76; Amarillo",TX 79118>806-335-1475
-96.588958,33.344772,"Flying J-TX:Anna-110 Parking Spaces - Hwy 75  Exit 48, 1700 US-75; Anna",TX 75409>972-924-2035
-106.578981,31.996876,"Flying J-TX:Anthony-181 Parking Spaces - I-10  Exit 0, 3001 Mountain Pass Blvd; Anthony",TX 79821>915-886-2737
-95.032926,29.794931,"Flying J-TX:Baytown-210 Parking Spaces - I-10 &  Exit 789 Thompson Rd, 1876 E Frwy; Baytown",TX 77521>281-424-7706
-95.952044,29.7806,"Flying J-TX:Brookshire-132 Parking Spaces - I-10  Exit 732, 204 S Waller Ave; Brookshire",TX 77423>281-934-4133
-95.124779,29.7716,"Flying J-TX:Channelview-88 Parking Spaces - I-10  Exit 783, 102 S Sheldon Rd; Channelview",TX 77530>281-457-1435
-99.238366,28.453086,"Flying J-TX:Cotulla-77 Parking Spaces - I-35  Exit 69 (NWQ), 921 N IH 35; Cotulla",TX 78014>830-879-5363
-96.751453,32.657082,"Flying J-TX:Dallas-156 Parking Spaces - I-20  Exit 472, 7425 Bonnie View Rd; Dallas",TX 75241>972-225-3566
-98.142991,26.336076,"Flying J-TX:Edinburg-200 Parking Spaces - Hwy 281 & FM 1925, 1305 E Monte Cristo Rd; Edinburg",TX 78539>956-316-0149
-106.239075,31.661838,"Flying J-TX:El Paso-120 Parking Spaces - I-10 and  Exit 37, 1301 Horizon Blvd; El Paso",TX 79928>915-852-4141
-102.885118,30.905212,"Flying J-TX:Fort Stockton-109 Parking Spaces - I-10  Exit 259, 2571 N Front St; Fort Stockton",TX 79735>432-336-3410
-98.023371,28.336676,"Flying J-TX:George West-90 Parking Spaces - I-37  Exit 56, 4066 US-59; George West",TX 78022>361-449-1420
-95.427799,29.998865,"Flying J-TX:Houston-272 Parking Spaces - I-45  Exit 64 & Richey Rd, 15919 N Fwy; Houston",TX 77090>281-893-0423
-103.0683493,31.8531568,"Flying J-TX:Kermit-90 Parking Spaces - Hwy 302 & FM 313, 700 E Hwy 302; Kermit",TX 79745>432-527-0351
-99.465601,27.685894,"Flying J-TX:Laredo-191 Parking Spaces - I-35 &  Exit 13, 1011 Beltway Pkwy; Laredo",TX 78045>956-712-3265
-101.841623,33.593087,"Flying J-TX:Lubbock-72 Parking Spaces - I-27 & 4th St  Exit, 602 4th St; Lubbock",TX 79401>806-744-0539
-102.033375,31.980962,"Flying J-TX:Midland-137 Parking Spaces - I-20  Exit 137-B, 3302 Garden City Hwy; Midland",TX 79706>432-685-1296
-95.193116,30.193038,"Flying J-TX:New Caney-160 Parking Spaces - I-69/US-59 &  Exit 242, 23412 Hwy 242; New Caney",TX 77357>281-689-8065
-102.301872,31.864866,"Flying J-TX:Odessa-101 Parking Spaces - I-20  Exit 121 (Loop 338), 5900 E I-20; Odessa",TX 79766>432-366-0812
-93.819991,30.117011,"Flying J-TX:Orange-160 Parking Spaces - I-10  Exit 873, 7112 I-10 W; Orange",TX 77630>409-883-9465
-95.196028,29.714342,"Flying J-TX:Pasadena-80 Parking Spaces - TX 225, 1305 Pasadena Fwy; Pasadena",TX 77506>713-534-0038
-103.485879,31.401153,"Flying J-TX:Pecos-200 Parking Spaces - I-20  Exit 42, 100 E Pinehurst; Pecos",TX 79772>432-294-6626
-98.36202,29.44665,"Flying J-TX:San Antonio-89 Parking Spaces - I-10  Exit 583, 1815 N Foster Rd; San Antonio",TX 78244>210-666-2266
-99.872525,32.461697,"Flying J-TX:Tye-200 Parking Spaces - I-20 & FM 707  Exit 277, I-20 Exit 277 101 N FM 707; Tye",TX 79563>325-439-7699
-97.145688,31.508006,"Flying J-TX:Waco-206 Parking Spaces - I-35 & New Rd, 2409 S New Rd; Waco",TX 76711>254-714-0313
-98.483001,33.890924,"Flying J-TX:Wichita Falls-50 Parking Spaces - US 287 & Jacksboro Highway, 2311 Jacksboro Hwy; Wichita Falls",TX 76301>940-720-0598
-112.266111,40.685764,"Flying J-UT:Lake Point-136 Parking Spaces - I-80  Exit 99, 1605 E Saddleback Blvd.; Lake Point",UT 84074>801-508-7400
-111.83669,39.685703,"Flying J-UT:Nephi-110 Parking Spaces - I-15  Exit 222, 1597 S Main St; Nephi",UT 84648>435-250-4522
-111.934094,40.836487,"Flying J-UT:North Salt Lake-42 Parking Spaces - I-215 & Redwood Rd  Exit 27, 885 N Point Cir; North Salt Lake",UT 84054>801-936-1408
-112.007348,41.231296,"Flying J-UT:Ogden-100 Parking Spaces - I-15  Exit 343, 1172 W 21st St; Ogden",UT 84401>801-849-3414
-112.081766,38.788766,"Flying J-UT:Richfield-50 Parking Spaces - I-70  Exit 40, 35 E Flying J Dr; Richfield",UT 84701>435-893-6021
-111.9155,40.7267,"Flying J-UT:Salt Lake City-118 Parking Spaces - I-15 & I-80 UT-201  Exit 17, 2025 S 900 W; Salt Lake City",UT 84119>801-972-3711
-112.709599,41.963854,"Flying J-UT:Snowville-36 Parking Spaces - I-84  Exit 7, 90 S Stone Rd; Snowville",UT 84336>435-990-5135
-111.6415719,40.1876319,"Flying J-UT:Springville-80 Parking Spaces - I-15  Exit 261, 1460 N 1750 W; Springville",UT 84663>801-489-3622
-112.051637,41.423985,"Flying J-UT:Willard-58 Parking Spaces - I-15  Exit 357, 600 W 750 N; Willard",UT 84340>435-723-1010
-77.473006,37.932935,"Flying J-VA:Carmel Church-224 Parking Spaces - I-95  Exit 104, 24279 Rogers Clark Blvd; Carmel Church",VA 22546>804-448-9047
-80.945705,36.94455,"Flying J-VA:Fort Chiswell-265 Parking Spaces - I-81 & I-77  Exit 80, 139 Factory Outlet Dr; Fort Chiswell",VA 24360>276-637-4115
-77.468086,37.940138,"Flying J-VA:Ruther Glen-250 Parking Spaces - I-95  Exit 104, 23866 Rogers Clark Blvd; Ruther Glen",VA 22546>804-448-3077
-78.087612,39.290527,"Flying J-VA:Winchester-147 Parking Spaces - I-81  Exit 323, 1530 Rest Church Rd; Winchester",VA 22624>540-678-3641
-80.992118,36.935915,"Flying J-VA:Wytheville-183 Parking Spaces - I-77 & I-81  Exit 77, 3249 Chapman Rd; Wytheville",VA 24382>276-228-7110
-122.940833,46.951417,"Flying J-WA:Tumwater-74 Parking Spaces - I-5  Exit 99, 2725 93rd Ave SW; Tumwater",WA 98512>360-790-4495
-90.829414,44.295481,"Flying J-WI:Black River Falls-150 Parking Spaces - I-94 &  Exit 116, 780 WI-54; Black River Falls",WI 54615>715-284-4341
-92.561129,44.962991,"Flying J-WI:Roberts-86 Parking Spaces - US-65 & I-94, 1191 70th Ave; Roberts",WI 54023>715-749-4238
-106.269853,42.852137,"Flying J-WY:Casper-48 Parking Spaces - I-25  Exit 185, 41 SE Wyoming Blvd.; Casper",WY 82609>307-473-1750
-104.853677,41.098165,"Flying J-WY:Cheyenne-180 Parking Spaces - I-25  Exit 7, 2250 Etchepare Dr; Cheyenne",WY 82007>307-635-2918
-110.947924,42.087327,"Flying J-WY:Cokeville-100 Parking Spaces - US-30/WY-232, 10501 US-30; Cokeville",WY 83114>307-306-5716
-110.978329,41.264671,"Flying J-WY:Evanston-45 Parking Spaces - I-80  Exit 3, 1920 Harrison Dr; Evanston",WY 82930>307-789-9129
-105.495261,44.277109,"Flying J-WY:Gillette-50 Parking Spaces - I-90 & Hwy 59, 1810 S Douglas Hwy; Gillette",WY 82718>307-682-3562
-107.311169,41.777686,"Flying J-WY:Rawlins-206 Parking Spaces - I-80  Exit 209, I-80 Johnson Rd; Rawlins",WY 82301>307-328-0158
-109.231247,41.609539,"Flying J-WY:Rock Springs-84 Parking Spaces - I-80  Exit 104, 650 Stage Coach Dr; Rock Springs",WY 82901>307-306-5796
-80.142235,33.03876,"Mr Fuel-SC:Summerville-10 Parking Spaces - I-26   Exit 199, 1521 N Main St; Summerville",SC 29483>843-486-5770
-81.5729487,30.414117,"Mr. Fuel-FL:Jacksonville-27 Parking Spaces - I-295  Exit 41, 3515 Zoo Pkwy; Jacksonville",FL 32226>904-696-9566
-81.199597,32.072302,"Mr. Fuel-GA:Savannahs - I-16  Exit 160, 1504 Dean Forrest Rd; Savannah",GA 31408>912-964-5280
-89.67488189,39.17726463,"Mr. Fuel-IL:Litchfield-40 Parking Spaces - I-55  Exit 52, 4 Corvette Drive; Litchfield",IL 62056>217-324-7114
-87.403247,41.564806,"Mr. Fuel-IN:Gary-17 Parking Spaces - I-94  Exit 6, 2945 Burr St; Gary",IN 46406>219-844-0502
-86.188501,39.697241,"Mr. Fuel-IN:Indianapolis-45 Parking Spaces - I-465/Hwy 40  Exit 4, 4610 S Harding St; Indianapolis",IN 46217>317-780-6631
-87.239374,41.588535,"Mr. Fuel-IN:Lake Station-6 Parking Spaces - I-80 & I-94  Exit 15B, 1235 Ripley St; Lake Station",IN 46405>219-962-1110
-85.417277,39.850884,"Mr. Fuel-IN:Spiceland-50 Parking Spaces - I- 70  Exit 123, 140 Holwager Rd; Spiceland",IN 47385>765-593-1313
-84.625799,38.919106,"Mr. Fuel-KY:Walton-15 Parking Spaces - I-75/71/KY 338  Exit 175, 118 Richwood Rd; Walton",KY 41094>859-365-2908
-90.952153,38.818786,"Mr. Fuel-MO; Foristell-20 Parking Spaces - I-70  Exit 203, 11 Hwy W; Foristell",MO 63348>636-673-1011
-90.405087,38.285981,"Mr. Fuel-MO; Pevely - I-55  Exit 180, 8915 Weier Rd; Pevely",MO 63070>636-475-7403
-90.851007,38.475517,"Mr. Fuel-MO; Villa Ridge-11 Parking Spaces - I-44  Exit 251, 3324 Hwy 100; Villa Ridge",MO 63089>636-451-5569
-88.79745,32.342786,"Mr. Fuel-MS; Meridian-96 Parking Spaces - I-20  Exit 129, 10580 Old Hwy 80 W; Meridian",MS 39307>601-693-5104
-80.71846,41.13875,"Mr. Fuel-OH:Girard-60 Parking Spaces - I-80  Exit 226, 2840 Salt Spring Rd; Girard",OH 44420>330-530-4024
-80.6163609,40.3542858,"Mr. Fuel-OH:Steubenville-13 Parking Spaces - OH-7 Exit S Wells St, 435 S 3rd St; Steubenville",OH 43952>740-282-6036
-97.0281619,32.8010664,"Mr. Fuel-TX:Grand Prairie-8 Parking Spaces - W Trinity & Roy Orr Blvd, 3206 W Trinity Blvd; Grand Prairie",TX 76155>972-237-7905
-77.466104,37.939874,"Mr. Fuel-VA:Ruther Glen-35 Parking Spaces - I-95  Exit 104, 23818 Rogers Clark Blvd; Ruther Glen",VA 22546>804-448-0410
-87.446215,33.178927,"ONE9 Travel Center-AL:Cottondale-68 Parking Spaces - I-20/I-59  Exit 77, 3201 Buttermilk Rd; Cottondale",AL 35453>205-633-2155
-91.1965751,34.91271392,"ONE9 Travel Center-AR:Brinkley-42 Parking Spaces - I-40  Exit 216, 2101 Hwy 49; Brinkley",AR 72021>870-638-4135
-112.47884,35.22168,"ONE9 Travel Center-AZ:Ash Fork-40 Parking Spaces - I-40  Exit 146, 43 W Park Ave; Ash Fork",AZ 86320>928-754-1285
-114.1982594,33.6702197,"ONE9 Travel Center-AZ:Quartzsite-46 Parking Spaces - I-10, 185 N Riggles Rd; Quartzsite",AZ 85346>928-927-3600
-80.792764,28.359603,"ONE9 Travel Center-FL:Cocoa-8 Parking Spaces - I-95  Exit 201, 4455 King St; Cocoa",FL 32926>321-639-0346
-82.512008,27.528434,"ONE9 Travel Center-FL:Ellenton - I-75  Exit 224, 1526 51st Ave E; Ellenton",FL 34222>941-729-6288
-85.000111,34.686835,"ONE9 Travel Center-GA:Dalton-100 Parking Spaces - I-75  Exit 328, 243 Connector 3 SW; Dalton",GA 30720>706-277-7934
-83.759891,32.085408,"ONE9 Travel Center-GA:Vienna-100 Parking Spaces - I-75  Exit 109, 39 Victory La; Vienna",GA 31092>229-268-1414
-85.413911,34.978805,"ONE9 Travel Center-GA:Wildwood-9 Parking Spaces - I-24/59  Exit 169, 650 Hwy 299; Wildwood",GA 30757>706-820-7353
-91.149972,41.644246,"ONE9 Travel Center-IA:Atalissa-43 Parking Spaces - I-80  Exit 265, 2086 Atalissa Rd; Atalissa",IA 52720>563-946-3761
-87.450285,40.12289,"ONE9 Travel Center-IN:Covington-50 Parking Spaces - I-74 & SR 63  Exit 4, 16502 N SR 63; Covington",IN 47932>765-793-7307
-87.332128,39.432996,"ONE9 Travel Center-IN:Terre Haute-50 Parking Spaces - I-70 & IN 46  Exit 11, 5555 E Margaret Ave; Terre Haute",IN 47803>812-877-9977
-86.525849,36.716046,"ONE9 Travel Center-KY:Franklin-65 Parking Spaces - I-65  Exit 6, 2929 Scottsville Rd; Franklin",KY 42134>270-586-4149
-85.882251,37.522021,"ONE9 Travel Center-KY:Sonora-100 Parking Spaces - I-65  Exit 81, 450 E Western Ave; Sonora",KY 42776>270-369-7300
-76.065451,39.589705,"ONE9 Travel Center-MD:Perryville-22 Parking Spaces - I-95 & MD 222  Exit 93, 31 Heather La; Perryville",MD 21903>410-642-2883
-85.07378,42.883291,"ONE9 Travel Center-MI; Ionia-20 Parking Spaces - I-96  Exit 67, 7205 S State Rd; Ionia",MI 48846>616-527-6520
-89.59756,36.518393,"ONE9 Travel Center-MO; Marston-70 Parking Spaces - I-55  Exit 40, 917 East Elm St; Marston",MO 63866>573-643-2320
-79.66167,36.06113,"ONE9 Travel Center-NC; Mcleansville - I-40/I-85  Exit 132, 907 Knox Rd; Mcleansville",NC 27301>336-805-5772
-77.587281,36.523299,"ONE9 Travel Center-NC; Pleasant Hill-42 Parking Spaces - I-95  Exit 180, 2032 Hwy 48; Pleasant Hill",NC 27866>252-537-4476
-99.381523,40.692122,"ONE9 Travel Center-NE:Elm Creek-75 Parking Spaces - I-80 & US-183  Exit 257, 5085 Buffalo Creek Rd; Elm Creek",NE 68836>308-856-4330
-108.826328,35.5052573,"ONE9 Travel Center-NM:Gallup-63 Parking Spaces - I-40  Exit 16, 3303 W Historic Hwy 66; Gallup",NM 87301>505-356-7565
-103.72371,35.14985,"ONE9 Travel Center-NM:Tucumcari-29 Parking Spaces - I-40  Exit 332, 3022 S 1st St; Tucumcari",NM 88401>575-247-6296
-116.105797,40.719724,"ONE9 Travel Center-NV:Carlin-60 Parking Spaces - I-80 & NV-278  Exit 280, 791 Tenth St; Carlin",NV 89822>775-754-6384
-119.49042,39.55901,"ONE9 Travel Center-NV:McCarran-40 Parking Spaces - I-80  Exit 32, 400 USA Pkwy (Hwy 439); McCarran",NV 89437>775-316-7002
-83.845787,39.522877,"ONE9 Travel Center-OH:Wilmington-20 Parking Spaces - I-71  Exit 50, 5772 N US-68; Wilmington",OH 45177>937-382-0464
-76.716784,40.351428,"ONE9 Travel Center-PA:Harrisburg-17 Parking Spaces - I-81 & PA 39   Exit 77  Manada Hill, 7961 Linglestown Rd; Harrisburg",PA 17112>717-545-5507
-81.858031,34.509127,"ONE9 Travel Center-SC:Clinton-21 Parking Spaces - I-26   Exit 52, 12818 Hwy 56 N; Clinton",SC 29325>864-833-4555
-80.980307,34.913413,"ONE9 Travel Center-SC:Rock Hill-30 Parking Spaces - I-77  Exit 77, 1155 S Anderson Rd; Rock Hill",SC 29730>803-329-0078
-85.504223,36.133921,"ONE9 Travel Center-TN:Cookeville- Parking Spaces - I-40   Exit 287, 1111 S Jefferson Ave; Cookeville",TN 38501>931-528-7100
-83.443811,36.038508,"ONE9 Travel Center-TN:Dandridge-35 Parking Spaces - I-40   Exit 417, 505 Patriot Dr; Dandridge",TN 37725>865-397-3547
-84.020396,36.110941,"ONE9 Travel Center-TN:Heiskell-25 Parking Spaces - I-75   Exit 117, 1915 E Raccoon Valley Rd; Heiskell",TN 37754>865-938-1439
-88.08421,35.84344,"ONE9 Travel Center-TN:Holladay-118 Parking Spaces - I-40   Exit 126, 15060 S 641; Holladay",TN 38341>731-734-0060
-112.019396,41.245701,"ONE9 Travel Center-UT:Ogden-60 Parking Spaces - I-15 & UT-39  Exit 344, 1670 W 12Th St; Ogden",UT 84404>801-731-2900
-79.90052,37.388702,"ONE9 Travel Center-VA:Troutville-11 Parking Spaces - I-81  Exit 150A or B, 2966 Lee Hwy S; Troutville",VA 24175>540-992-2805
-107.97757,41.67463,"ONE9 Travel Center-WY:Wamsutter-58 Parking Spaces - I-80  Exit 173, 399 McCormick St; Wamsutter",WY 82336>307-372-9196
-85.27914085,32.74510811,"Pilot Dealer-AL:Cusseta-60 Parking Spaces - I-85  Exit 70, 5495 CR 388; Cusseta",AL 36852>334-745-5946
-91.56253,35.32187,"Pilot Dealer-AR:Bald Knob-80 Parking Spaces - Hwy 167 & Hwy 64  Exit 55, 115 US-167; Bald Knob",AR 72010>870-292-7020
-90.62522,35.80575,"Pilot Dealer-AR:Jonesboro-25 Parking Spaces - I-555  Exit 39, 5750 Commerce Sq; Jonesboro",AR 72401>870-938-0016
-109.45264,32.3186,"Pilot Dealer-AZ:Bowie-50 Parking Spaces - I-10  Exit 366, 1275 E Business Loop; Bowie",AZ 85605>520-847-2511
-111.99613,33.28909,"Pilot Dealer-AZ:Chandler-10 Parking Spaces - Hwy 202 & 40th, 17405 S 40th St; Chandler",AZ 85048>623-777-8712
-112.7054845,32.94993318,"Pilot Dealer-AZ:Gila Bend-200 Parking Spaces - Hwy 85, 942 E Pima St; Gila Bend",AZ 85337>928-683-2992
-112.3849,33.50953,"Pilot Dealer-AZ:Glendale-18 Parking Spaces - Hwy 303 & Camelback Rd, 15112 W Camelback Rd; Glendale",AZ 85340>480-261-4674
-110.0902,34.9747,"Pilot Dealer-AZ:Holbrook-150 Parking Spaces - I-40  Exit 292, 1851 AZ-77; Holbrook",AZ 86025>928-524-1400
-113.9096142,36.89720131,"Pilot Dealer-AZ:Littlefield-31 Parking Spaces - I-15, 4031 Fleet St; Littlefield",AZ 86423>702-849-0700
-110.967105,31.338691,"Pilot Dealer-AZ:Nogales - Hwy 189, 330 N Mariposa Rd; Nogales",AZ 85621>520-287-4800
-111.5642,36.9952,"Pilot Dealer-AZ:Page-5 Parking Spaces - Hwy 89, 101 W Glen Dr; Page",AZ 86040>928-353-4821
-111.9956143,33.4146854,"Pilot Dealer-AZ:Phoenix - I-10  Exit 152, 3444 S 40th St; Phoenix",AZ 85040>602-601-4868
-109.2440654,32.27066935,"Pilot Dealer-AZ:San Simon-26 Parking Spaces - I-10  Exit 378, 2500 W Business I-10; San Simon",AZ 85632
-113.953572,32.69118008,"Pilot Dealer-AZ:Tacna-120 Parking Spaces - I-8  Exit 42, 9250 S Ave 40E; Tacna",AZ 85352>928-239-5764
-114.4761787,35.70012877,"Pilot Dealer-AZ:White Hills-40 Parking Spaces - Hwy 93, 12683 White Hills Rd; White Hills",AZ 86445>928-767-3008
-113.61028,34.699416,"Pilot Dealer-AZ:Wikieup - US-93 & Country Club Dr, 18183 S Hwy 93; Wikieup",AZ 85360>928-765-2255
-112.5141115,33.7654451,"Pilot Dealer-AZ:Wittmann - US-60 & 211th Ave, 31120 N US-60; Wittmann",AZ 85361>623-388-2900
-119.0113833,35.4170157,Pilot Dealer-CA:Bakersfield  -  1134 Manor St; Bakersfield,CA 93308
-119.2299164,35.26730188,"Pilot Dealer-CA:Bakersfield-40 Parking Spaces - I-5  Exit 244, 20404 Taft Hwy; Bakersfield",CA 93311>661-473-0841
-117.3951,34.0553,"Pilot Dealer-CA:Bloomington-20 Parking Spaces - I-10  Exit 66, 10951 Cedar Ave; Bloomington",CA 92316>909-237-8085
-121.3949888,38.11374137,"Pilot Dealer-CA:Lodi-30 Parking Spaces - I-5  Exit 485, 14749 Thornton Rd; Lodi",CA 95242>209-368-8100
-116.0903644,33.57081814,"Pilot Dealer-CA:Mecca-20 Parking Spaces - Hwy 86 & 66th Ave, 90480 66th Ave; Mecca",CA 92254>760-396-5243
-117.88344,35.01242,"Pilot Dealer-CA:North Edwards-137 Parking Spaces - Hwy 58  Exit 186, 12971 Northgate Blvd; North Edwards",CA 93523>661-230-5144
-121.53838,38.617049,"Pilot Dealer-CA:Sacramento-275 Parking Spaces - I-80  Exit 85, 2828 El Centro Rd; Sacramento",CA 95833>916-927-4774
-115.9663043,33.27858403,"Pilot Dealer-CA:Thermal-20 Parking Spaces - Hwy 86, 2084 S Marina Dr; Thermal",CA 92274>760-394-1024
-116.887216,34.90405231,"Pilot Dealer-CA:Yermo-40 Parking Spaces - I-15  Exit 191, 35858 Ghost Town Rd; Yermo",CA 92398>760-254-3348
-122.624621,41.736967,"Pilot Dealer-CA:Yreka-84 Parking Spaces - I-5  Exit 776, 787 Montague Rd; Yreka",CA 96097>530-200-8954
-71.800032,41.442426,"Pilot Dealer-CT:North Stonington-120 Parking Spaces - I-95  Exit 93, 273 Clarks Falls Rd; North Stonington",CT 6359>860-599-2020
-82.93426322,30.44612414,"Pilot Dealer-FL:Jasper-10 Parking Spaces - I-75  Exit 451, 6723 US-129; Jasper",FL 32052
-82.59869799,29.99582318,"Pilot Dealer-FL:Lake City-12 Parking Spaces - I-75  Exit 414, 14170 S US-441; Lake City",FL 32024>386-754-6511
-85.18640525,30.71688082,"Pilot Dealer-FL:Marianna- Parking Spaces - I-10  Exit 142, 2091 FL-71; Marianna",FL 32448
-80.245671,25.925213,"Pilot Dealer-FL:Miami Gardens-20 Parking Spaces - SR 826  Exit SR 817, 16650 NW 27th Ave; Miami Gardens",FL 33054>305-623-3434
-80.480704,25.760165,"Pilot Dealer-FL:Miami-26 Parking Spaces - US-41 & SR 997, 17696 SW 8th St; Miami",FL 33194>305-553-4594
-82.169127,29.814268,"Pilot Dealer-FL:Waldo-50 Parking Spaces - Hwy 301, 17276 NE Hwy 301; Waldo",FL 32694>317-783-5543
-95.334222,41.500031,"Pilot Dealer-IA:Avoca-200 Parking Spaces - I-80  Exit 40, 7005 N Chestnut St; Avoca",IA 51521>712-343-4007
-116.69922,43.67033,"Pilot Dealer-ID:Caldwell-12 Parking Spaces - Hwy 19, 122 W Simplot Blvd; Caldwell",ID 83605
-116.189476,43.571646,"Pilot Dealer-ID:East Boise-60 Parking Spaces - I-84  Exit 54 (Federal Way), 3353 Federal Way; East Boise",ID 83705>208-802-7985
-116.91187,43.97385,"Pilot Dealer-ID:Fruitland-42 Parking Spaces - , 2001 Hwy 30 W; Fruitland",ID 83619>208-452-5105
-116.55343,43.59690934,Pilot Dealer-ID:Nampa-30 Parking Spaces - 1407 N Franklin Blvd; Nampa,ID 83687>208-467-1440
-116.57195,43.59865,Pilot Dealer-ID:Nampa-70 Parking Spaces - 612 Northside Blvd; Nampa,ID 83687>208-466-0802
-88.967467,38.625046,"Pilot Dealer-IL:Salem - I-57  Exit 116, 1530 W Main St; Salem",IL 62881>618-548-8225
-87.57813,41.48822,"Pilot Dealer-IL:Sauk Village-73 Parking Spaces - Hwy 394 & Sauk Trl, 1445 E Sauk Trl; Sauk Village",IL 60487>708-898-9040
-87.9515,42.48782,"Pilot Dealer-IL:Wadsworth-80 Parking Spaces - I-94  Exit 1 / I-41 1A, 16470 W Russell Rd; Wadsworth",IL 60083>847-395-5000
-85.184203,41.118542,"Pilot Dealer-IN:Fort Wayne-275 Parking Spaces - I-69  Exit 309A, 3037 Goshen Rd; Fort Wayne",IN 46808>260-482-7814
-87.4983581,38.69434422,"Pilot Dealer-IN:Vincennes-13 Parking Spaces - US-50 and US-150 Intersection, 2816 N 6th St; Vincennes",IN 47591>812-886-4323
-99.980666,37.752394,"Pilot Dealer-KS:Dodge City-62 Parking Spaces - Hwy 400 & Hwy 283, 2524 E Wyatt Earp Blvd; Dodge City",KS 67801>620-338-8888
-97.320452,38.044377,"Pilot Dealer-KS:Newton-130 Parking Spaces - I-135  Exit 31, 200 Manchester Ave; Newton",KS 67114
-86.8274855,37.376219,"Pilot Dealer-KY:Beaver Dam-30 Parking Spaces - Western Kentucky Pkwy, 675 Western Kentucky Pkwy; Beaver Dam",KY 42320>270-274-9988
-88.123362,37.071888,"Pilot Dealer-KY:Kuttawa-100 Parking Spaces - I-24  Exit 40 & US-62, 2299 US-62W; Kuttawa",KY 42055>270-388-8111
-88.64166,36.76634,"Pilot Dealer-KY:Mayfield-15 Parking Spaces - I-69  Exit 25, 297 Treeland Drive; Mayfield",KY 42066>270-356-1361
-90.52257,30.93602,"Pilot Dealer-LA:Kentwood-94 Parking Spaces - I-55  Exit 61  Hwy 38, 802 Ave G; Kentwood",LA 70444
-89.73978,30.37538,"Pilot Dealer-LA:Pearl River-103 Parking Spaces - I-59  Exit 5A, 65583 Pump Slough Rd; Pearl River",LA 70452>985-262-2820
-93.110998,37.2735358,"Pilot Dealer-MO; Strafford-40 Parking Spaces - I-44  Exit 88, 325 E Evergreen St; Strafford",MO 65757>417-736-0017
-78.575839,35.318448,"Pilot Dealer-NC; Dunn-265 Parking Spaces - I-95  Exit 75, 65 Sadler Rd; Dunn",NC 28334>910-892-0106
-80.618642,35.050974,"Pilot Dealer-NC; Monroe-50 Parking Spaces - Hwy 74 W, 2700 Chamber Dr; Monroe",NC 28110>980-315-4010
-71.480742,43.121688,"Pilot Dealer-NH:Bow-62 Parking Spaces - I-93  EXIT 11/12C, 728 NH-3A; Bow",NH 03304>603-223-6885
-74.687161,41.349379,"Pilot Dealer-NJ:Montague-4 Parking Spaces - I-84  Exit 1, 15 NJ-23; Montague",NJ 07827>973-293-3477
-74.685781,40.892136,"Pilot Dealer-NJ:Roxbury-15 Parking Spaces - I-80 Exit 27B/Exit 27 A&B, 1470 NJ-46 E; Roxbury",NJ 07852>973-347-1145
-106.02907,35.00392,"Pilot Dealer-NM:Moriarty-75 Parking Spaces - I-40  Exit 197, 820 Central Ave; Moriarty",NM 87035>505-832-4019
-115.3249521,35.78001066,"Pilot Dealer-NV:Jean- I-15  Exit 12, 22535 S Las Vegas Blvd; Jean",NV 89019>702-874-1515
-114.1400244,36.7841675,"Pilot Dealer-NV:Mesquite-69 Parking Spaces - I-15  Exit 118, 1057 S Lower Flat Top Dr; Mesquite",NV 89027>702-849-0400
-76.1155202,43.4583465,"Pilot Dealer-NY:Parish-100 Parking Spaces - I-81  Exit 34, 2023 NY-104; Parish",NY 13131>315-625-4676
-97.7447471,35.6047297,Pilot Dealer-OK:Yukon- Parking Spaces - 12121 NW Expressway; Yukon,OK 73099
-116.952451,44.026094,"Pilot Dealer-OR:Ontario-99 Parking Spaces - I-84   Exit 376A, 653 E Idaho Ave; Ontario",OR 97914>541-873-5931
-79.7400581,41.1756052,"Pilot Dealer-PA:Emlenton-65 Parking Spaces - I-80   Exit 42, 6406 Emlenton Clintonville Rd; Emlenton",PA 16373>724-867-1511
-79.24627,41.18407,"Pilot Dealer-PA:Strattanville-116 Parking Spaces - I-80   Exit 70, 21251 Rte 322; Strattanville",PA 16258>814-351-5000
-97.26305,32.46347,"Pilot Dealer-TX:Burleson-58 Parking Spaces - I-35  Exit 30, 3313 S Burleson Blvd; Burleson",TX 76009>817-783-3917
-95.755173,32.542902,"Pilot Dealer-TX:Canton-100 Parking Spaces - I-20  Exit 533, 9800 I-20 Frontage Rd; Canton",TX 75103>903-829-2600
-94.32521,32.14797,"Pilot Dealer-TX:Carthage-49 Parking Spaces - SW 59 Loop, 2360 US-59; Carthage",TX 75633>903-263-0586
-99.52787,32.41775,"Pilot Dealer-TX:Clyde-34 Parking Spaces - I-20  Exit 299, 8075 Access Rd W; Clyde",TX 79510
-96.44823,32.04049,"Pilot Dealer-TX:Corsicana-4 Parking Spaces - I-45 & New 31 Loop, 4750 S I-45 W; Corsicana",TX 75110>903-386-0125
-96.968,32.67275,"Pilot Dealer-TX:Dallas-12 Parking Spaces - I-20  Exit 458, 4880 Mountain Creek Pkwy; Dallas",TX 75236>972-709-7560
-96.55441391,33.79347879,"Pilot Dealer-TX:Denison-51 Parking Spaces - Hwy 75  Exit 72, 4300 N TX-91; Denison",TX 75020>903-462-1415
-100.464068,28.709904,"Pilot Dealer-TX:Eagle Pass-100 Parking Spaces - 86A US-57, 3002 US-57; Eagle Pass",TX 78852>830-758-1712
-96.638463,32.3020419,"Pilot Dealer-TX:Ennis-8 Parking Spaces - Hwy 287, 2200 W Lake Bardwell Dr; Ennis",TX 75119
-97.3417294,32.8419379,"Pilot Dealer-TX:Fort Worth-22 Parking Spaces - I-820, 1000 NE Loop 820; Fort Worth",TX 76106>682-365-4152
-96.56083842,32.85491373,"Pilot Dealer-TX:Garland - I-30, 801 E I-30; Garland",TX 75043>469-782-0191
-96.05492,33.13479,"Pilot Dealer-TX:Greenville-80 Parking Spaces - I-30  Exit 97, 3004 I-30; Greenville",TX 75401>430-242-1134
-96.58294,30.86267,"Pilot Dealer-TX:Hearne-54 Parking Spaces - Hwy 190, 1656 S Market St; Hearne",TX 77859>979-500-3554
-98.1961,33.8007,"Pilot Dealer-TX:Henrietta-26 Parking Spaces - Hwy 287, 101 US-287; Henrietta",TX 76365>940-538-0401
-96.8997886,32.1974962,"Pilot Dealer-TX:Italy-62 Parking Spaces - I-35  E, 101 LR Campbell Rd; Italy",TX 76651>972-483-7600
-97.599548,30.838366,"Pilot Dealer-TX:Jarrell-40 Parking Spaces - I-35  Exit 275, 13745 I-35 S; Jarrell",TX 76537>512-746-2438
-95.02846718,29.67414755,"Pilot Dealer-TX:La Porte-55 Parking Spaces - , 904 W Barbours Cut Blvd; La Porte",TX 77571>281-842-7200
-97.20594,31.39582,"Pilot Dealer-TX:Lorena-22 Parking Spaces - I-35  Exit 323, 12016 I-35; Lorena",TX 76655>254-655-5165
-98.79497,29.21941,"Pilot Dealer-TX:Lytle-67 Parking Spaces - I-35  Exit 131, 20204 I-35; Lytle",TX 78052>830-209-5544
-97.8769398,26.1604245,"Pilot Dealer-TX:Mercedes-60 Parking Spaces - , 8001 E Exwy 83; Mercedes",TX 78570>956-903-4443
-94.1326,33.453,"Pilot Dealer-TX:Nash-25 Parking Spaces - I-30, 1955 N Kings Hwy; Nash",TX 75569>903-255-7167
-94.45250943,33.46994015,"Pilot Dealer-TX:New Boston-96 Parking Spaces - I-30  Exit 199, 1888 US-82; New Boston",TX 75570>903-628-0000
-97.13888,30.21354,"Pilot Dealer-TX:Paige-40 Parking Spaces - Hwy 290 & 21, 2537 E TX-21; Paige",TX 78659>737-354-6550
-95.6556,31.743,"Pilot Dealer-TX:Palestine-50 Parking Spaces - Hwy 79, 2320 W Oak St; Palestine",TX 75801>903-723-1680
-96.8209853,32.5162713,"Pilot Dealer-TX:Red Oak-51 Parking Spaces - I-35E, 200 S I35 Service Rd; Red Oak",TX 75154>972-617-7477
-98.1093,32.6117,"Pilot Dealer-TX:Santo-13 Parking Spaces - I-20, 87125 I-20; Santo",TX 76472>940-769-2584
-100.8658,32.704667,"Pilot Dealer-TX:Snyder - Hwy 180, 1100 E Hwy 180; Snyder",TX 79549>325-573-5213
-96.3182,32.7234,"Pilot Dealer-TX:Terrell-12 Parking Spaces - I-20, 1100 FM 148; Terrell",TX 75160>972-524-0859
-101.797707,34.528931,"Pilot Dealer-TX:Tulia-71 Parking Spaces - I-27  Exit 74, 2901 W Hwy 86; Tulia",TX 79088>806-995-4567
-95.137,32.441,"Pilot Dealer-TX:Tyler-40 Parking Spaces - I-20, 16243 US-271 N; Tyler",TX 75708>903-877-0800
-97.1630819,33.4367258,"Pilot Dealer-TX:Valley View-10 Parking Spaces - I-35, 13965 S I-35; Valley View",TX 76272>940-726-5643
-95.64205,32.50436,"Pilot Dealer-TX:Van-106 Parking Spaces - I-20  Exit 540, 133 FM 314; Van",TX 75790>903-963-2300
-96.8745681,32.4284788,"Pilot Dealer-TX:Waxahachie-8 Parking Spaces - Hwy 287, 625 Ovilla Rd; Waxahachie",TX 75167>972-937-0002
-96.6805792,32.59155782,"Pilot Dealer-TX:Wilmer-21 Parking Spaces - I-45  Exit 270, 103 S I-45; Wilmer",TX 75172>972-441-3747
-110.148518,38.995598,"Pilot Dealer-UT:Green River-100 Parking Spaces - I-70  Exit 164, 1085 E Main St; Green River",UT 84525>435-564-3495
-80.64898,37.08619,"Pilot Dealer-VA:Dublin-75 Parking Spaces - I-81  Exit 101, 5150 State Park Rd; Dublin",VA 24084>540-674-4552
-77.552426,36.704821,"Pilot Dealer-VA:Emporia-277 Parking Spaces - I-95  Exit 11 (Hwy 58), 918 W Atlantic; Emporia",VA 23847>434-634-4312
-78.108394,36.711179,"Pilot Dealer-VA:South Hill-20 Parking Spaces - I-85  Exit 12 (Hwy 58), 1011 E Atlantic St; South Hill",VA 23970>434-447-4528
-76.6705194,36.7165037,"Pilot Dealer-VA:Suffolk-17 Parking Spaces - US-58, 2400 Holland Rd; Suffolk",VA 23434>757-539-6213
-122.20604,48.18838,"Pilot Dealer-WA:Arlington-10 Parking Spaces - I-5  Exit 208, 1801 Pioneer Hwy; Arlington",WA 98223>360-652-6066
-110.8036261,32.0842871,"Pilot Express-AZ:Tucson-9 Parking Spaces - I-10  Exit 273, 9255 S Rita Rd; Tucson",AZ 85747>520-207-7876
-74.126276,40.719759,"Pilot Express-NJ:Newark-77 Parking Spaces - I-95 Exit 15W, 400 Doremus Ave; Newark",NJ 07105>862-445-0056
-122.412691,47.241807,"Pilot Express-WA:Tacoma - I-5  Exit 134, 1440 Puyallup Ave; Tacoma",WA 98421>253-627-1628
-86.863208,34.116643,"Pilot Travel Center-AL:Good Hope-72 Parking Spaces - I-65  Exit 304, 1600 CR 437; Good Hope",AL 35055>256-338-1277
-86.121727,33.593729,"Pilot Travel Center-AL:Lincoln-30 Parking Spaces - I-20  Exit 168, 75750 AL-77; Lincoln",AL 35096>205-763-1531
-86.159239,33.593045,"Pilot Travel Center-AL:Lincoln-80 Parking Spaces - I-20  Exit 165, 130 Honda Dr; Lincoln",AL 35096>205-763-2225
-86.910458,34.538039,"Pilot Travel Center-AL:Priceville-90 Parking Spaces - I-65  Exit 334, 3240 Point Mallard Pkwy; Priceville",AL 35603>256-353-5252
-88.046869,30.872861,"Pilot Travel Center-AL:Satsuma-77 Parking Spaces - I-65  Exit 19, 6109 US-43 S; Satsuma",AL 36572>251-679-6260
-88.205244,30.55941,"Pilot Travel Center-AL:Theodore-72 Parking Spaces - I-10  Exit 13, 6955 Theodore Dawes Rd; Theodore",AL 36582>251-653-8834
-87.478517,33.172903,"Pilot Travel Center-AL:Tuscaloosa-71 Parking Spaces - I-20/59  Exit 76, 4416 Skyland Blvd E; Tuscaloosa",AL 35405>205-553-9710
-85.69004,32.47175,Pilot Travel Center-AL:Tuskegee-93 Parking Spaces - 3680 AL-81; Tuskegee,AL 36083>334-226-4071
-92.532959,34.608348,"Pilot Travel Center-AR:Benton-76 Parking Spaces - I-30  Exit 121, 7801 Alcoa Rd; Benton",AR 72019>501-794-5900
-93.070262,34.187144,"Pilot Travel Center-AR:Caddo Valley-78 Parking Spaces - I-30  Exit 78 & Hwy 7, 170 Valley St; Caddo Valley",AR 71923>870-245-3119
-92.127366,34.781379,"Pilot Travel Center-AR:North Little Rock-138 Parking Spaces - I-40  Exit 161 Galloway Rd, 3300 Hwy 391 N; North Little Rock",AR 72117>501-945-2226
-93.092379,35.280414,"Pilot Travel Center-AR:Russellville-100 Parking Spaces - I-40  Exit 84, 215 SR 331 N; Russellville",AR 72802>479-967-7414
-94.19317,36.176497,"Pilot Travel Center-AR:Springdale-30 Parking Spaces - I-49  Exit 72, 5660 W Sunset Ave; Springdale",AR 72762>479-872-6100
-90.138155,35.157318,"Pilot Travel Center-AR:West Memphis-160 Parking Spaces - I-40  Exit 280, 1100 Martin Luther King Blvd; West Memphis",AR 72301>870-732-1202
-112.272825,33.455494,"Pilot Travel Center-AZ:Avondale-170 Parking Spaces - I-10  Exit 133, 900 N 99th Ave; Avondale",AZ 85323>623-936-0900
-111.820075,35.237991,"Pilot Travel Center-AZ:Bellemont-45 Parking Spaces - I-40  Exit 185, 12500 W I-40; Bellemont",AZ 86015>928-773-0180
-112.1184219,34.3268312,"Pilot Travel Center-AZ:Cordes Lake-25 Parking Spaces - I-17  Exit 262, 14905 Cordes Lake Rd; Cordes Lake",AZ 86333>928-632-4521
-111.549383,32.738146,"Pilot Travel Center-AZ:Eloy-154 Parking Spaces - I-10  Exit 208, 619 S Sunshine Blvd; Eloy",AZ 85131>520-466-7550
-112.6733858,32.93027695,"Pilot Travel Center-AZ:Gila Bend-70 Parking Spaces - I-8, 3006 S Butterfield Trail; Gila Bend",AZ 85337>928-580-5987
-114.315209,34.728256,"Pilot Travel Center-AZ:Lake Havasu City-85 Parking Spaces - I-40 & AZ 95  Exit 9, 14750 AZ-95; Lake Havasu City",AZ 86404>928-764-2410
-114.236411,33.661422,"Pilot Travel Center-AZ:Quartzsite-45 Parking Spaces - I-10 & US 95  Exit 17, 1201 W Main St; Quartzsite",AZ 85359>928-927-7777
-110.962217,31.431247,"Pilot Travel Center-AZ:Rio Rico-90 Parking Spaces - I-19 & SR 289  Exit 12, 769 E Frontage Rd; Rio Rico",AZ 85648>520-377-0001
-113.7677806,33.63376599,"Pilot Travel Center-AZ:Salome-20 Parking Spaces - I-10  Exit 45, 48286 Vicksburg Rd; Salome",AZ 85348>928-859-3165
-112.9372426,33.49433864,"Pilot Travel Center-AZ:Tonopah-66 Parking Spaces - I-10  Exit 94, 41112 W Indian School Rd; Tonopah",AZ 85354>623-386-5386
-110.873714,32.125681,"Pilot Travel Center-AZ:Tucson-89 Parking Spaces - I-10  Exit 268, 5570 E Travel Plaza Way; Tucson",AZ 85756>520-663-3348
-110.6991,35.04197,"Pilot Travel Center-AZ:Winslow - I-40  Exit 253, 2201 N Park Dr; Winslow",AZ 86047>928-248-2070
-114.58013,32.68598,"Pilot Travel Center-AZ:Yuma-88 Parking Spaces - I-8  Exit 3, 3075 Gila Ridge Rd; Yuma",AZ 85365>928-857-2036
-117.087156,34.854721,"Pilot Travel Center-CA:Barstow-18 Parking Spaces - I-15/I-40  Exit 178 & Lenwood Road US 58, 2591 Commerce Pkwy; Barstow",CA 92311>760-253-2861
-117.543104,34.991618,"Pilot Travel Center-CA:Boron-45 Parking Spaces - US-395 & Hwy 58, 5725 CA-58; Boron",CA 93516>760-762-0041
-115.503749,32.977583,"Pilot Travel Center-CA:Brawley-29 Parking Spaces - CA-111 & CA-78, 234 Ben Hulse Hwy; Brawley",CA 92227>760-344-3695
-118.619346,34.494509,"Pilot Travel Center-CA:Castaic-54 Parking Spaces - I-5  Exit 176 Lake Hughes Rd Exit, 31642 Castaic Rd; Castaic",CA 91384>661-243-0487
-117.2887553,34.06236462,"Pilot Travel Center-CA:Colton-66 Parking Spaces - I-10  Exit 73A for East or 72 for West, 2300 E Steel Rd; Colton",CA 92324>909-780-1019
-121.950277,38.862003,"Pilot Travel Center-CA:Dunnigan-143 Parking Spaces - I-5  Exit 554 & Rd 8, 30035 CR 8; Dunnigan",CA 95937>530-724-3060
-117.398565,34.409148,"Pilot Travel Center-CA:Hesperia-217 Parking Spaces - I-15  Exit 141 & US 395, 8701 Highway 395; Hesperia",CA 92344>760-956-2844
-119.658782,35.615131,"Pilot Travel Center-CA:Lost Hills-60 Parking Spaces - I-5  Exit 278 & SR 46, 14808 Warren St; Lost Hills",CA 93249>661-797-2122
-120.133171,37.019469,"Pilot Travel Center-CA:Madera-111 Parking Spaces - Hwy 99  Exit 159, 22717 Ave 18 1/2; Madera",CA 93637>559-673-3878
-116.546529,33.903033,"Pilot Travel Center-CA:North Palm Springs-57 Parking Spaces - I-10 & Garnet Ave & N Indian Canyon Dr, 6605 N Indian Canyon Dr; North Palm Springs",CA 92262>760-329-5562
-122.207933,39.750129,"Pilot Travel Center-CA:Orland-73 Parking Spaces - I-5  Exit 619 & Hwy 32, 4444 Commerce Lane; Orland",CA 95963>530-865-0108
-118.03589,34.54411,"Pilot Travel Center-CA:Palmdale-55 Parking Spaces - Hwy 138, 5231 Pearblossom Hwy; Palmdale",CA 93552>661-569-1720
-121.629883,36.665605,"Pilot Travel Center-CA:Salinas-62 Parking Spaces - US-101  Exit 326B & S Sanborn Rd, 951 Work St; Salinas",CA 93901>831-775-0380
-116.952564,32.569229,"Pilot Travel Center-CA:San Diego-124 Parking Spaces - I-805  Exit 1B CA 905, 1497 Piper Ranch Rd; San Diego",CA 92154>619-661-9558
-122.376149,41.39916,"Pilot Travel Center-CA:Weed-80 Parking Spaces - I-5  Exit 745, 395 E Vista Dr; Weed",CA 96094>530-938-9600
-121.26947,37.54335,"Pilot Travel Center-CA:Westley-80 Parking Spaces - I-5  Exit 441, 7051 McCracken Rd; Westley",CA 95387>209-343-5010
-104.76977,39.95641,"Pilot Travel Center-CO:Brighton - I-76  Exit 21, 2129 Barr Pl; Brighton",CO 80603>720-743-2568
-108.647611,39.112333,"Pilot Travel Center-CO:Grand Junction-69 Parking Spaces - I-70  Exit 26, 2195 Hwy 6 & 50; Grand Junction",CO 81505>970-245-1491
-104.854718,39.056354,"Pilot Travel Center-CO:Monument-77 Parking Spaces - I-25  Exit 158, 15455 Terrazzo Dr; Monument",CO 80921>719-487-7555
-73.022534,41.236582,"Pilot Travel Center-CT:Milford-150 Parking Spaces - I-95  Exit 40, 433 Old Gate La; Milford",CT 6460>203-876-1266
-81.984213,30.283979,"Pilot Travel Center-FL:Baldwin-50 Parking Spaces - I-10  Exit 343, 1050 US-301 S; Baldwin",FL 32234>904-266-4238
-81.718999,27.917896,"Pilot Travel Center-FL:Bartow-38 Parking Spaces - FL-60 & Alturas Rd, 7990 FL-60; Bartow",FL 33830>863-537-1000
-81.802483,26.655936,"Pilot Travel Center-FL:Fort Myers-92 Parking Spaces - I-75  Exit 139 Luckett Rd, 6050 Plaza Dr; Fort Myers",FL 33905>239-693-6868
-80.400146,27.413892,"Pilot Travel Center-FL:Fort Pierce-100 Parking Spaces - I-95  Exit 129, 7300 W Okeechobee Rd; Fort Pierce",FL 34945>772-732-2084
-81.638422,28.118173,"Pilot Travel Center-FL:Haines City-76 Parking Spaces - US-27 N, 35647 US-27 N; Haines City",FL 33845>863-421-3571
-81.493909,30.065564,"Pilot Travel Center-FL:Jacksonville-17 Parking Spaces - I-95  Exit 329, 1625 CR 210 W; Jacksonville",FL 32259>904-826-3618
-81.764116,30.371514,"Pilot Travel Center-FL:Jacksonville-88 Parking Spaces - I-295  Exit 25, 4075 Jones Branch Rd; Jacksonville",FL 32219>904-326-3909
-83.059093,30.516297,"Pilot Travel Center-FL:Jasper-90 Parking Spaces - I-75  Exit 460, 8067 W FL-6; Jasper",FL 32052>386-638-1635
-82.09867,28.75369,"Pilot Travel Center-FL:Lake Panasoffkee-21 Parking Spaces - I-75  Exit 321, 293 E CR 470; Lake Panasoffkee",FL 33538>352-793-1233
-85.186994,30.725543,"Pilot Travel Center-FL:Marianna-90 Parking Spaces - I-10/FL 71  Exit 142, 2209 FL-71; Marianna",FL 32448>850-482-2148
-84.420724,30.485112,"Pilot Travel Center-FL:Midway-98 Parking Spaces - I-10  Exit 192, 33333 Blue Star Hwy; Midway",FL 32343>850-576-3200
-82.188904,29.26583,"Pilot Travel Center-FL:Ocala-125 Parking Spaces - I-75  Exit 358, 4032 W Hwy 326; Ocala",FL 34482>352-867-8300
-82.191583,29.268327,"Pilot Travel Center-FL:Ocala-130 Parking Spaces - I-75  Exit 358, 4255 NW Hwy 326; Ocala",FL 34482>352-402-9081
-82.159188,29.024514,"Pilot Travel Center-FL:Ocala-50 Parking Spaces - I-75 & FL 484  Exit 341, 2020 SW Hwy 484; Ocala",FL 34473>352-347-8555
-80.901502,27.699069,"Pilot Travel Center-FL:Okeechobee-42 Parking Spaces - FL Tpke  Exit 193, 3051 SR 60; Okeechobee",FL 34972>407-436-1224
-82.009275,26.894739,"Pilot Travel Center-FL:Punta Gorda-44 Parking Spaces - I-75  Exit 161, 26505 Jones Loop Rd; Punta Gorda",FL 33950>941-637-3974
-80.716317,26.666228,"Pilot Travel Center-FL:South Bay-24 Parking Spaces - US-27, 210 US-27 N; South Bay",FL 33493>561-996-1740
-82.095207,28.873645,"Pilot Travel Center-FL:Wildwood-10 Parking Spaces - I-75  Exit 329, 493 E SR 44; Wildwood",FL 34785>352-748-4486
-82.090056,28.874241,"Pilot Travel Center-FL:Wildwood-89 Parking Spaces - I-75  Exit 329, 744 E SR 44; Wildwood",FL 34785>352-352-3155
-84.08578,31.580923,"Pilot Travel Center-GA:Albany-71 Parking Spaces - Hwy 300 & Clark Ave, 310 Cordele Rd; Albany",GA 31705>229-878-1355
-84.312174,33.685437,"Pilot Travel Center-GA:Atlanta-100 Parking Spaces - I-285  Exit 51, 2605 Bouldercrest Rd SE; Atlanta",GA 30316>404-855-0483
-82.033391,33.524163,"Pilot Travel Center-GA:Augusta-90 Parking Spaces - I-20  Exit 200, 2975 Gun Club Rd; Augusta",GA 30907>706-667-6557
-83.761654,34.119723,"Pilot Travel Center-GA:Braselton-85 Parking Spaces - I-85  Exit 129, 5888 Hwy 53; Braselton",GA 30517>706-654-2820
-83.744558,32.612766,"Pilot Travel Center-GA:Byron-150 Parking Spaces - I-75  Exit 146, 2965 Hwy 247C; Byron",GA 31008>478-956-5316
-84.935939,34.558868,"Pilot Travel Center-GA:Calhoun-84 Parking Spaces - I-75  Exit 318, 2111 US-41 NE; Calhoun",GA 30701>706-625-4368
-83.226751,34.389816,"Pilot Travel Center-GA:Carnesville-72 Parking Spaces - I-85  Exit 166, 11156 Hwy 106; Carnesville",GA 30521>706-384-3084
-84.807653,34.27204,"Pilot Travel Center-GA:Cartersville -78 Parking Spaces - I-75  Exit 296, 968 Cassville-White Rd; Cartersville ",GA 30120>770-607-7835
-83.74661,31.960264,"Pilot Travel Center-GA:Cordele -67 Parking Spaces - I-75  Exit 101, 2201 E 16 Ave; Cordele ",GA 31015>229-271-5775
-84.981043,34.655613,"Pilot Travel Center-GA:Dalton-95 Parking Spaces - I-75  Exit 326, 142 Carbondale Rd; Dalton",GA 30721>706-370-4060
-82.934364,32.490477,"Pilot Travel Center-GA:Dublin-20 Parking Spaces - I-16  Exit 51, 2185 US-441; Dublin",GA 31021>478-275-2143
-81.4577,32.18163,"Pilot Travel Center-GA:Ellabell-72 Parking Spaces - I-16  Exit 143, 130 Interstate Exchange Way; Ellabell",GA 31308>912-937-0954
-84.055973,33.210567,"Pilot Travel Center-GA:Jackson-160 Parking Spaces - I-75  Exit 201, 2995 GA-36; Jackson",GA 30233>770-504-9206
-81.655675,30.760224,"Pilot Travel Center-GA:Kingsland-111 Parking Spaces - I-95  Exit 1, 2607 Scrubby Bluff Rd; Kingsland",GA 31548>912-576-7858
-83.479265,33.560277,"Pilot Travel Center-GA:Madison-110 Parking Spaces - I-20  Exit 114, 1881 Eatonton Rd; Madison",GA 30650>706-343-1455
-84.777822,33.321115,"Pilot Travel Center-GA:Newnan-95 Parking Spaces - I-85  Exit 41, 1645 S Hwy 29; Newnan",GA 30263>770-252-3551
-81.195549,32.188259,"Pilot Travel Center-GA:Port Wentworth-125 Parking Spaces - I-95  Exit 109, 7001 Hwy 21; Port Wentworth",GA 31407>912-964-7006
-85.541878,34.769699,"Pilot Travel Center-GA:Rising Fawn-150 Parking Spaces - I-59  Exit 4, 319 Deer Head Cove Rd; Rising Fawn",GA 30738>706-426-3855
-81.649454,30.761227,"Pilot Travel Center-GA:St. Mary's-235 Parking Spaces - I-95  Exit 1, 491 Saint Mary's Rd; Saint Mary's",GA 31558>912-576-8460
-85.263639,33.682548,"Pilot Travel Center-GA:Tallapoosa-90 Parking Spaces - I-20 & GA-100  Exit 5, 882 GA-100; Tallapoosa",GA 30176>770-574-9922
-85.029832,33.719364,"Pilot Travel Center-GA:Temple-86 Parking Spaces - I-20  Exit 19, 625 Carrollton St; Temple",GA 30179>770-562-9773
-83.517008,31.427922,"Pilot Travel Center-GA:Tifton-200 Parking Spaces - I-75  Exit 60, 4431 Union Rd; Tifton",GA 31794>229-382-7295
-83.272851,30.754816,"Pilot Travel Center-GA:Valdosta-84 Parking Spaces - I-75  Exit 11, 3460 Madison Hwy; Valdosta",GA 31601>229-300-1560
-84.903623,33.721688,"Pilot Travel Center-GA:Villa Rica-78 Parking Spaces - I-20  Exit 26, 95 Liberty Rd; Villa Rica",GA 30180>770-456-9941
-92.3589369,41.69846979,"Pilot Travel Center-IA:Brooklyn-90 Parking Spaces - I-80  Exit 201, 4126 Hwy 21; Brooklyn",IA 52211>641-630-1509
-91.666326,41.891211,"Pilot Travel Center-IA:Cedar Rapids-30 Parking Spaces - I-380  Exit 13, 8950 Earhart Lane SW; Cedar Rapids",IA 52404>319-848-4351
-93.358774,43.144653,"Pilot Travel Center-IA:Clear Lake-75 Parking Spaces - I-35  Exit 194, 2411 US-18 E; Clear Lake",IA 50428>641-357-3124
-95.878206,41.23608,"Pilot Travel Center-IA:Council Bluffs-80 Parking Spaces - I-80/29  Exit 50, 2647 S 24th St; Council Bluffs",IA 51501>712-322-0088
-93.780833,41.630224,"Pilot Travel Center-IA:Des Moines-170 Parking Spaces - I-35/80 Ext 126, 11957 Douglas Ave; Des Moines",IA 50322>515-276-1509
-91.540219,40.981418,"Pilot Travel Center-IA:Mount Pleasant-72 Parking Spaces - Hwy 218 & Hwy 34, 1300 N Grand Ave; Mount Pleasant",IA 52641>319-385-1440
-93.794771,41.040587,"Pilot Travel Center-IA:Osceola-80 Parking Spaces - I-35  Exit 34, 2010 W Clay St; Osceola",IA 50213>641-342-8658
-95.792878,40.690265,"Pilot Travel Center-IA:Percival-50 Parking Spaces - I-29  Exit 10, 2495 210th Ave; Percival",IA 51648>712-382-2224
-96.373451,42.435906,"Pilot Travel Center-IA:Sioux City-100 Parking Spaces - I-29  Exit 143, 2815 Singing Hills Blvd; Sioux City",IA 51111>712-258-3816
-90.784545,41.619597,"Pilot Travel Center-IA:Walcott-170 Parking Spaces - I-80  Exit 284, 3500 N Plainview Rd; Walcott",IA 52773>563-284-4100
-90.782213,41.614599,"Pilot Travel Center-IA:Walcott-25 Parking Spaces - I-80  Exit 284 & CR Y40, 2975 N Plainview Rd; Walcott",IA 52773>563-284-5074
-115.662986,43.14264,"Pilot Travel Center-ID:Mountain Home-109 Parking Spaces - I-84 & US-20  Exit 95, 1050 Hwy 20; Mountain Home",ID 83647>208-587-4465
-87.701114,41.663639,"Pilot Travel Center-IL:Alsip-86 Parking Spaces - I-57  Exit 353 I-294  Exit 12A, 12680 S Kedzie; Alsip",IL 60803>708-385-2271
-87.9602606,41.988006,"Pilot Travel Center-IL:Bensenville-15 Parking Spaces - I-294, 1050 Busse Rd; Bensenville",IL 60106>630-521-0218
-89.017506,40.482397,"Pilot Travel Center-IL:Bloomington-80 Parking Spaces - I-55/74/IL-9  Exit 160, 1522 W Market St; Bloomington",IL 61701>309-610-0064
-87.8712775,41.1630402,Pilot Travel Center-IL:Bourbonnais - 633 Armour Rd; Bourbonnais,IL 60914
-87.799057,41.75412,"Pilot Travel Center-IL:Bridgeview-48 Parking Spaces - I-294 95th St Exit, 7501 S Harlem Ave; Bridgeview",IL 60455>708-496-9390
-88.122553,41.903601,"Pilot Travel Center-IL:Carol Stream-20 Parking Spaces - Hwy 64 & Gary Ave, 170 W North Ave; Carol Stream",IL 60188>630-510-0156
-88.191908,41.45752,"Pilot Travel Center-IL:Channahon-25 Parking Spaces - I-55  Exit 248, 23841 W Eames St; Channahon",IL 60410>815-467-4455
-88.894675,39.907375,"Pilot Travel Center-IL:Decatur-70 Parking Spaces - I-72  Exit 144, 4030 E Boyd Rd; Decatur",IL 62521>217-876-0208
-90.131509,38.651502,"Pilot Travel Center-IL:East St. Louis-200 Parking Spaces - I-55/70  Exit 4, 699 SR 203; East Saint Louis",IL 62201>618-875-5800
-88.530599,39.149186,"Pilot Travel Center-IL:Effingham-100 Parking Spaces - I-57/70  Exit 162, 2500 N 3rd St; Effingham",IL 62401>217-342-3787
-88.002085,40.750732,"Pilot Travel Center-IL:Gilman-80 Parking Spaces - I-57  Exit 283, 815 Hwy 24 W; Gilman",IL 60938>815-265-4754
-88.079113,41.480377,"Pilot Travel Center-IL:Joliet-75 Parking Spaces - Rt 53 & Laraway Rd, 40 E Laraway Rd; Joliet",IL 60433>815-726-1634
-88.964209,37.740334,"Pilot Travel Center-IL:Marion-45 Parking Spaces - I-57  Exit 54, 2611 Vernell Rd; Marion",IL 62959>618-993-2697
-87.69532127,39.41904238,"Pilot Travel Center-IL:Marshall-63 Parking Spaces - I-70  Exit 147, 104 W Trefz Dr; Marshall",IL 62441>217-826-1060
-89.80608539,38.55588697,"Pilot Travel Center-IL:Mascoutah-29 Parking Spaces - I-64  Exit 23, 9810 Perrin Rd; Mascoutah",IL 62258>618-566-2021
-88.273021,41.460759,"Pilot Travel Center-IL:Minooka-100 Parking Spaces - I-80  Exit 122, 301 Ridge Rd; Minooka",IL 60447>815-467-4416
-87.756776,41.427909,"Pilot Travel Center-IL:Monee-71 Parking Spaces - I-57  Exit 335, 6002 Monee-Manhattan Rd; Monee",IL 60449>708-534-2483
-88.421983,41.395797,"Pilot Travel Center-IL:Morris-73 Parking Spaces - I-80  Exit 112, 3801 N Division St; Morris",IL 60450>815-705-0120
-88.961402,38.313107,"Pilot Travel Center-IL:Mount Vernon-100 Parking Spaces - I-57  Exit 95, 4610 Broadway; Mount Vernon",IL 62864>618-244-1216
-87.779499,40.12375,"Pilot Travel Center-IL:Oakwood-99 Parking Spaces - I-74  Exit 206, 503 N Oakwood St; Oakwood",IL 61858>217-354-4098
-89.0175,41.9359,"Pilot Travel Center-IL:Rochelle-78 Parking Spaces - I-39  Exit 99, 1201 E IL-38; Rochelle",IL 61068>815-677-6189
-88.8354876,41.1491785,Pilot Travel Center-IL:Streator - 2399 N Bloomington St; Streator,IL 61364
-89.908017,38.731647,"Pilot Travel Center-IL:Troy-135 Parking Spaces - I-55/70/IL-162  Exit 18, 820 Edwardsville Rd; Troy",IL 62294>618-667-0946
-89.13587009,38.97086768,"Pilot Travel Center-IL:Vandalia-93 Parking Spaces - I-70  Exit 61, 10 Interstate Dr; Vandalia",IL 62471>618-283-1557
-90.338847,41.181183,"Pilot Travel Center-IL:Woodhull-35 Parking Spaces - I-74  Exit 32, 900 Plaza Ave; Woodhull",IL 61490>309-610-0032
-87.124309,39.451576,"Pilot Travel Center-IN:Brazil-55 Parking Spaces - I-70  Exit 23, 4376 N IN-59; Brazil",IN 47834>812-446-9400
-87.114726,41.604698,"Pilot Travel Center-IN:Burns Harbor-119 Parking Spaces - I-94  Exit 22, 243 Melton Rd; Burns Harbor",IN 46304>219-787-5705
-86.820502,40.046093,"Pilot Travel Center-IN:Crawfordsville-110 Parking Spaces - I-74  Exit 39, 4403 E SR 32; Crawfordsville",IN 47933>765-361-9603
-85.573858,40.114781,"Pilot Travel Center-IN:Daleville-125 Parking Spaces - I-69  Exit 234, 15876 W Commerce Rd; Daleville",IN 47334>765-378-0246
-85.565895,40.112722,"Pilot Travel Center-IN:Daleville-35 Parking Spaces - I-69  Exit 234, 15151 Commerce Rd; Daleville",IN 47334>765-378-3599
-84.999268,41.744075,"Pilot Travel Center-IN:Fremont-130 Parking Spaces - I-80/69  Exit 357, 6900 Old US-27; Fremont",IN 46737>260-833-1987
-87.402061,41.573102,"Pilot Travel Center-IN:Gary-215 Parking Spaces - I-80/94  Exit 6, 2501 Burr St; Gary",IN 46406>219-844-2661
-85.9166482,39.820869,"Pilot Travel Center-IN:Greenfield-90 Parking Spaces - I-70  Exit 96, 2640 North 600 W; Greenfield",IN 46140>463-388-0606
-87.548569,38.174777,"Pilot Travel Center-IN:Haubstadt-145 Parking Spaces - I-64  Exit 25, 1042 E Warrenton Rd; Haubstadt",IN 47639>812-868-1048
-87.294288,41.290344,"Pilot Travel Center-IN:Hebron-138 Parking Spaces - I-65  Exit 240, 18011 Colorado St; Hebron",IN 46341>219-696-8265
-87.472648,41.567506,"Pilot Travel Center-IN:Highland-10 Parking Spaces - I-80/94  Exit 2, 8150 Indianapolis Blvd; Highland",IN 46322>219-972-4125
-86.362362,38.239392,"Pilot Travel Center-IN:Leavenworth-75 Parking Spaces - I-64  Exit 92, 6921 S SR 66; Leavenworth",IN 47137>812-739-2002
-85.773481,38.492043,"Pilot Travel Center-IN:Memphis-45 Parking Spaces - I-65  Exit 16, 14013 Memphis Blue Lick Rd; Memphis",IN 47143>812-294-4233
-86.264277,41.341979,"Pilot Travel Center-IN:Plymouth-110 Parking Spaces - US-30 & 31, 10619 9A Rd; Plymouth",IN 46563>574-936-6525
-87.123511,40.766604,"Pilot Travel Center-IN:Remington-75 Parking Spaces - I-65  Exit 201, 4154 W US-24; Remington",IN 47977>219-261-3786
-86.21855261,41.04724172,"Pilot Travel Center-IN:Rochester-33 Parking Spaces - Hwy 31 & Hwy 25, 389 Rochester Crossing; Rochester",IN 46975>574-223-4290
-85.81768,39.583403,"Pilot Travel Center-IN:Shelbyville-68 Parking Spaces - I-74  Exit 109, 1851 West 400 N; Shelbyville",IN 46176>317-392-8771
-86.336832,41.736021,"Pilot Travel Center-IN:South Bend-70 Parking Spaces - I-80  Exit 72, 6424 W Brick Rd; South Bend",IN 46628>574-272-8212
-87.010376,41.448527,"Pilot Travel Center-IN:Valparaiso-25 Parking Spaces - US-30 & SR 49, 4105 E US-30; Valparaiso",IN 46383>219-464-1644
-86.045929,39.551888,"Pilot Travel Center-IN:Whiteland-110 Parking Spaces - I-65  Exit 95, 2962 E 500 N; Whiteland",IN 46184>463-333-6618
-101.032479,39.364178,"Pilot Travel Center-KS:Colby-90 Parking Spaces - I-70  Exit 54, 1100 E Willow St; Colby",KS 67701>785-588-4960
-97.610087,38.874227,"Pilot Travel Center-KS:Salina-150 Parking Spaces - I-70  Exit 252, 1944 N 9th St; Salina",KS 67401>785-825-6787
-97.9415377,38.008714,Pilot Travel Center-KS:South Hutchison - 1515 S Main St; South Hutchison,KS 67505
-84.10698,36.974857,"Pilot Travel Center-KY:Corbin-40 Parking Spaces - I-75 & US-25E  Exit 29, 249 W Cumberland Gap Pkwy; Corbin",KY 40701>606-528-0631
-86.524778,36.717722,"Pilot Travel Center-KY:Franklin-150 Parking Spaces - Hwy 100 & I-65  Exit 6, 2940 Scottsville Rd; Franklin",KY 42134>270-586-9544
-84.554285,38.276182,"Pilot Travel Center-KY:Georgetown-175 Parking Spaces - I-75  Exit 129, 110 Triport Rd; Georgetown",KY 40324>502-863-2708
-84.560514,38.277161,"Pilot Travel Center-KY:Georgetown-90 Parking Spaces - I-75  Exit 129, 259 Cherry Blossom Way; Georgetown",KY 40324>502-868-7427
-85.864919,37.596019,"Pilot Travel Center-KY:Glendale-125 Parking Spaces - I-65  Exit 86, 58 Glendale-Hodgenville Rd; Glendale",KY 42740>270-369-7360
-85.724452,37.827435,"Pilot Travel Center-KY:Lebanon Junction-100 Parking Spaces - I-65  Exit 105, 150 Park Plaza Blvd; Lebanon Junction",KY 40150>502-833-2727
-87.448829,37.255317,"Pilot Travel Center-KY:Madisonville-85 Parking Spaces - Hwy 813  Exit 37, 95 Free Henry Ford Rd; Madisonville",KY 42431>270-258-5213
-83.898231,38.08613,"Pilot Travel Center-KY:Mount Sterling-70 Parking Spaces - I-64  Exit 113, 3060 Owingsville Rd; Mount Sterling",KY 40353>859-497-4041
-87.451042,36.692481,"Pilot Travel Center-KY:Oak Grove-130 Parking Spaces - I-24  Exit 86, 12900 Fort Campbell Blvd; Oak Grove",KY 42262>270-439-0153
-87.404384,36.678258,"Pilot Travel Center-KY:Oak Grove-175 Parking Spaces - I-24  Exit 89, 8190 Pembroke-Oak Grove Rd; Oak Grove",KY 42262>270-439-1776
-88.691205,37.097938,"Pilot Travel Center-KY:Paducah-65 Parking Spaces - I-24 & KY 305  Exit 3, 5353 Cairo Rd; Paducah",KY 42001>270-443-2044
-85.297788,38.454368,"Pilot Travel Center-KY:Pendleton-100 Parking Spaces - I-71  Exit 28, 205 Pendleton Rd; Pendleton",KY 40055>502-743-5222
-85.703132,38.060527,"Pilot Travel Center-KY:Shepherdsville-57 Parking Spaces - I-65  Exit 121 Brooks Rd, 2050 E Blue Lick Rd; Shepherdsville",KY 40165>502-955-5049
-85.348051,38.209897,"Pilot Travel Center-KY:Simpsonville-25 Parking Spaces - I-64  Exit 28 Veechdale Rd, 819 Buck Creek Rd; Simpsonville",KY 40067>502-722-5636
-85.29968,38.457185,"Pilot Travel Center-KY:Sulphur-175 Parking Spaces - I-71  Exit 28, 489 Pendleton Rd; Sulphur",KY 40070>502-743-5496
-84.632618,38.917577,"Pilot Travel Center-KY:Walton - I-75/71/KY 338  Exit 175, 11229 Frontage Rd; Walton",KY 41094>859-365-0368
-84.168338,36.721766,"Pilot Travel Center-KY:Williamsburg-80 Parking Spaces - I-75  Exit 11, 481 W Hwy 92; Williamsburg",KY 40769>606-549-0162
-91.914023,30.294426,"Pilot Travel Center-LA:Breaux Bridge-105 Parking Spaces - I-10  Exit 109, 2112 Rees St; Breaux Bridge",LA 70517>337-332-1253
-92.18745,30.781992,"Pilot Travel Center-LA:Bunkie-44 Parking Spaces - I-49  Exit 40, 7349 LA-29; Bunkie",LA 71322>318-545-2003
-90.957431,30.451957,"Pilot Travel Center-LA:Denham Springs-49 Parking Spaces - I-12  Exit 10, 2601 S Range Ave; Denham Springs",LA 70726>225-665-4151
-90.455976,30.477546,"Pilot Travel Center-LA:Hammond-60 Parking Spaces - I-12/55/US 51  Exit 40, 2111 SW Railroad Ave; Hammond",LA 70403>985-323-5739
-93.516474,32.544996,"Pilot Travel Center-LA:Haughton-90 Parking Spaces - I-20 & Hwy 157  Exit 33, 490 N Elm St; Haughton",LA 71037>318-390-9709
-93.014736,30.2537,"Pilot Travel Center-LA:Iowa-88 Parking Spaces - I-10  Exit 43, 1119 Lowe-Grout Rd; Iowa",LA 70647>337-582-5464
-91.759428,32.45905,"Pilot Travel Center-LA:Rayville-85 Parking Spaces - I-20 & LA 137  Exit 138, 103 Grimshaw St; Rayville",LA 71269>318-728-4100
-92.19348,32.50802,"Pilot Travel Center-LA:West Monroe-100 Parking Spaces - I-20  Exit 112, 300 Well Rd; West Monroe",LA 71292>318-329-3590
-72.108143,42.065866,"Pilot Travel Center-MA:Sturbridge-108 Parking Spaces - I-84  Exit 3, 400 Haynes St; Sturbridge",MA 01566>508-347-9104
-79.10068,39.691935,"Pilot Travel Center-MD:Grantsville-80 Parking Spaces - I-68  Exit 22, 3000 Chestnut Ridge Rd; Grantsville",MD 21536>301-895-4536
-77.806785,39.634043,"Pilot Travel Center-MD:Hagerstown-90 Parking Spaces - I-70 &  US-63, 11633 Greencastle Pke; Hagerstown",MD 21740>301-582-9004
-77.783875,39.629071,"Pilot Travel Center-MD:Hagerstown-90 Parking Spaces - I-81  Exit 5B, 16921 Halfway Blvd; Hagerstown",MD 21740>301-582-6111
-85.082396,42.303023,"Pilot Travel Center-MI; Battle Creek-75 Parking Spaces - I-94  Exit 104, 15901 Eleven Mile Rd; Battle Creek",MI 49014>269-968-9949
-86.412429,42.089737,"Pilot Travel Center-MI; Benton Harbor-135 Parking Spaces - I-94  Exit 30, 1860 E Napier Ave; Benton Harbor",MI 49022>269-925-7547
-83.876931,42.301749,"Pilot Travel Center-MI; Dexter -80 Parking Spaces - I-94  Exit 167, 750 Baker Rd; Dexter ",MI 48130>734-426-4618
-83.878244,42.295781,"Pilot Travel Center-MI; Dexter-80 Parking Spaces - I-94  Exit 167, 195 Baker Rd; Dexter",MI 48130>734-426-0065
-86.071106,42.740342,"Pilot Travel Center-MI; Holland-74 Parking Spaces - I-196 & Rte 40  Exit 49, 853 Interchange Dr; Holland",MI 49423>616-741-6199
-83.365974,41.9244,"Pilot Travel Center-MI; Monroe-20 Parking Spaces - I-75  Exit 15, 1100 N Dixie Hwy; Monroe",MI 48162>734-242-9650
-83.353782,41.963254,"Pilot Travel Center-MI; Monroe-60 Parking Spaces - I-75  Exit 18, 1200 Nadeau Rd; Monroe",MI 48161>734-457-3500
-83.694294,41.799049,"Pilot Travel Center-MI; Ottawa Lake-230 Parking Spaces - US-23  Exit 5, 6158 US-223; Ottawa Lake",MI 49267>734-854-1772
-82.543317,42.976044,"Pilot Travel Center-MI; Smiths Creek-65 Parking Spaces - I-69  Exit 196, 2424 Wadhams Rd; Smiths Creek",MI 48074>810-642-2064
-95.423415,45.860927,"Pilot Travel Center-MN; Alexandria-50 Parking Spaces - I-94  Exit 100, 3181 Evergreen Lane; Alexandria",MN 56308>320-763-9222
-93.033287,44.780836,"Pilot Travel Center-MN; Inver Grove Heights-50 Parking Spaces - Hwy 52/55, 11650 Courthouse Blvd; Inver Grove Heights",MN 55077>651-438-3397
-94.149032,45.496045,"Pilot Travel Center-MN; Saint Cloud-50 Parking Spaces - I-94  Exit 171 (CR 75), 4231 Clearwater Rd; Saint Cloud",MN 56301>320-251-8455
-92.774373,38.939676,"Pilot Travel Center-MO; Boonville -150 Parking Spaces - I-70  Exit 101, 1701 Ashley Rd; Boonville ",MO 65233>660-882-9120
-93.621501,37.874751,"Pilot Travel Center-MO; Collins-65 Parking Spaces - US 54 & Hwy 13 S, 9890 SE MO-13; Collins",MO 64738>417-275-4796
-94.79092,39.601203,"Pilot Travel Center-MO; Faucett-51 Parking Spaces - I-29, 1307 SE Grand DD Hwy; Faucett",MO 64448>816-558-5011
-89.726098,36.227739,"Pilot Travel Center-MO; Hayti-120 Parking Spaces - I-55  Exit 19, 1701 Hwy 84 E; Hayti",MO 63851>573-359-2007
-93.733623,39.003149,"Pilot Travel Center-MO; Higginsville-128 Parking Spaces - I-70  Exit 49, 6676 Hwy 13; Higginsville",MO 64037>660-207-1324
-94.552952,37.004576,"Pilot Travel Center-MO; Joplin-90 Parking Spaces - I-44 & MO 43 S  Exit 4, 4500 Hwy 43 S; Joplin",MO 64804>417-781-0255
-94.4763072,39.1564147,"Pilot Travel Center-MO; Kansas City-15 Parking Spaces - I-435  Exit 55B, 8801 NE Birmingham Rd; Kansas City",MO 64161>816-453-0076
-94.374155,39.369362,"Pilot Travel Center-MO; Kearney-90 Parking Spaces - I-35  Exit 26, 600 W MO-92; Kearney",MO 64060>816-635-4015
-94.324785,37.835265,"Pilot Travel Center-MO; Nevada-37 Parking Spaces - I-49  Exit 101, 2424 E Austin Rd; Nevada",MO 64772>417-667-3271
-90.758182,38.487887,"Pilot Travel Center-MO; Pacific-90 Parking Spaces - I-44  Exit 257 (W)  Exit 256 (E), 1475 Thornton St; Pacific",MO 63069>636-257-4100
-90.193042,32.272694,"Pilot Travel Center-MS; Jackson-120 Parking Spaces - I-55/20  Exit 45, 2520 S Gallatin St; Jackson",MS 39204>601-968-9491
-88.727686,32.347242,"Pilot Travel Center-MS; Meridian-100 Parking Spaces - I-59  Exit 151, 1555 Tommy Webb Dr; Meridian",MS 39307>601-484-5106
-88.529199,30.438282,"Pilot Travel Center-MS; Moss Point-73 Parking Spaces - I-10  Exit 69, 6705 Hwy 63; Moss Point",MS 39563>228-474-6511
-89.006085,34.467802,"Pilot Travel Center-MS; New Albany-90 Parking Spaces - US-78  Exit 64, 500 MS-15 S; New Albany",MS 38652>662-539-0222
-89.771497,33.486,"Pilot Travel Center-MS; Winona-110 Parking Spaces - I-55 & Hwy 82, 403 SW Frontage Rd; Winona",MS 38967>662-283-5985
-79.72734,35.298502,"Pilot Travel Center-NC; Candor-25 Parking Spaces - I-73  Exit 220, 801 NC-211 E; Candor",NC 27229>910-974-4402
-80.83846,35.270532,"Pilot Travel Center-NC; Charlotte-31 Parking Spaces - I-85/77  Exit 39, 3807 Statesville Avenue; Charlotte",NC 28206>704-358-1006
-81.190174,35.720805,"Pilot Travel Center-NC; Conover-62 Parking Spaces - I-40  Exit 133, 1343 Rock Barn Rd; Conover",NC 28613>828-465-2613
-79.351642,36.071014,"Pilot Travel Center-NC; Haw River-133 Parking Spaces - I-40/I-85  Exit 150, 1044 Jimmy Kerr Rd; Haw River",NC 27258>336-578-2610
-80.560968,35.49846,"Pilot Travel Center-NC; Kannapolis-55 Parking Spaces - I-85  Exit 63, 2825 Lane St; Kannapolis",NC 28083>704-938-6800
-78.147826,35.583554,"Pilot Travel Center-NC; Kenly-125 Parking Spaces - I-95  Exit 106, 1000 Truckstop Rd; Kenly",NC 27542>919-284-6109
-82.039872,35.642775,"Pilot Travel Center-NC; Marion-32 Parking Spaces - I-40  Exit 81, 3365 Sugar Hill Rd; Marion",NC 28752>828-738-3146
-79.309196,36.066066,"Pilot Travel Center-NC; Mebane-140 Parking Spaces - I-40/85  Exit 152, 1342 Trollingwood Hawfields Rd; Mebane",NC 27302>919-563-4999
-80.520516,35.612113,"Pilot Travel Center-NC; Salisbury-75 Parking Spaces - I-85  Exit 71, 985 Peeler Rd; Salisbury",NC 28147>704-255-5238
-80.856049,35.671356,"Pilot Travel Center-NC; Troutman-95 Parking Spaces - I-77  Exit 42, 1006 Charlotte Hwy; Troutman",NC 28166>704-528-4104
-78.129992,34.994202,"Pilot Travel Center-NC; Warsaw-10 Parking Spaces - I-40  Exit 364, 2574 W NC-24; Warsaw",NC 28398>910-293-7070
-82.955867,35.5727,"Pilot Travel Center-NC; Waynesville-51 Parking Spaces - I-40 & NC 209  Exit 24, 3712 Crabtree Rd; Waynesville",NC 28786>828-627-8611
-98.586494,40.760268,"Pilot Travel Center-NE:Wood River-29 Parking Spaces - I-80  Exit 300, 11775 NE-11; Wood River",NE 68883>308-583-2493
-75.072817,40.659636,"Pilot Travel Center-NJ:Bloomsbury-30 Parking Spaces - I-78 & NJ-173  Exit 7, 979 NJ-173; Bloomsbury",NJ 08804>908-479-6443
-75.479471,39.681507,"Pilot Travel Center-NJ:Carneys Point-25 Parking Spaces - I-295  Exit 2B NJT, 600 Pennsville-Auburn Rd; Carneys Point",NJ 08069>856-290-7769
-74.968461,40.636962,"Pilot Travel Center-NJ:Hampton (Clinton Area)-50 Parking Spaces - I-78  Exit 12 W, 66 NJ-173 W; Hampton (Clinton Area)",NJ 08827>908-735-7711
-74.155383,41.091721,"Pilot Travel Center-NJ:Mahwah-8 Parking Spaces - NJ-17 S, 230 NJ-17 S; Mahwah",NJ 07430>201-529-2704
-106.660291,34.9614147,"Pilot Travel Center-NM:Albuquerque-69 Parking Spaces - I-25  Exit 215, 9220 Broadway Blvd SE; Albuquerque",NM 87105>505-933-1055
-103.15132,34.394761,"Pilot Travel Center-NM:Clovis-29 Parking Spaces - US-60, 4100 Mabry Dr; Clovis",NM 88101>575-769-8369
-103.183759,32.697805,"Pilot Travel Center-NM:Hobbs-46 Parking Spaces - Hwy 180/62, 3710 W Carlsbad Hwy; Hobbs",NM 88240>575-391-0120
-103.187872,32.120335,"Pilot Travel Center-NM:Jal-43 Parking Spaces - Hwy 128 & Hwy 18, 410 E Kansas Ave; Jal",NM 88252>575-395-2927
-106.810115,32.296265,"Pilot Travel Center-NM:Las Cruces-40 Parking Spaces - I-10 & NM-292  Exit 139, 2681 W Amador Ave; Las Cruces",NM 88005>575-523-2700
-108.681486,32.342081,"Pilot Travel Center-NM:Lordsburg-95 Parking Spaces - I-10  Exit 24, 1124 E Motel Dr; Lordsburg",NM 88045>575-912-1072
-106.046654,35.010442,"Pilot Travel Center-NM:Moriarty-85 Parking Spaces - Hwy 41 & I-40, 305 W Abrahames Rd; Moriarty",NM 87035>505-832-4954
-104.651195,34.946751,"Pilot Travel Center-NM:Santa Rosa-63 Parking Spaces - I-40 & Hwy 84  Exit 277, 2464 Historic Rte 66; Santa Rosa",NM 88435>575-283-0665
-119.266272,39.614279,"Pilot Travel Center-NV:Fernley-100 Parking Spaces - I-80 & US-95  Exit 46, 465 Pilot Rd; Fernley",NV 89408>775-575-5115
-115.097783,36.241317,"Pilot Travel Center-NV:North Las Vegas-97 Parking Spaces - I-15  Exit 48, 3812 E Craig Rd; North Las Vegas",NV 89031>702-644-1600
-114.066598,40.740116,"Pilot Travel Center-NV:West Wendover-129 Parking Spaces - I-80 Peppermill Casino, 1200 Wendover Blvd; West Wendover",NV 89883>775-296-5047
-117.804889,40.931337,"Pilot Travel Center-NV:Winnemucca-85 Parking Spaces - I-80 & W Interchange, 5625 W Winnemucca Blvd; Winnemucca",NV 89445>775-625-2800
-77.363764,42.377631,"Pilot Travel Center-NY:Bath (Kanona Area)-70 Parking Spaces - I-86  Exit 37, 7767 NY-53; Bath (Kanona Area)",NY 14810>607-776-2012
-73.674693,42.497613,"Pilot Travel Center-NY:Castleton - On - Hudson (Schodack Landing Area)-65 Parking Spaces - I-90  Exit 12, 995 US-9; Castleton - On - Hudson (Schodack Landing Area)",NY 12033>518-732-7272
-74.35618,42.94676,"Pilot Travel Center-NY:Fultonville-55 Parking Spaces - I-90 Exit 28, 164 Riverside Dr; Fultonville",NY 12072>518-414-0591
-76.165752,43.086718,"Pilot Travel Center-NY:Liverpool-85 Parking Spaces - I-81/90  Exit 25, 107 Seventh North St; Liverpool",NY 13088>315-424-0124
-74.113474,41.520771,"Pilot Travel Center-NY:Newburgh-110 Parking Spaces - I-84  Exit 34, 239 NY-17K; Newburgh",NY 12550>845-567-1722
-74.028569,42.781758,"Pilot Travel Center-NY:Rotterdam-95 Parking Spaces - I-88 Exit 25, 1128 Duanesburg Rd; Rotterdam",NY 12306>518-356-5616
-80.853175,41.785524,"Pilot Travel Center-OH:Austinburg-150 Parking Spaces - I-90  Exit 223, 2246 OH-45; Austinburg",OH 44010>440-275-3303
-80.769934,41.128748,"Pilot Travel Center-OH:Austintown-200 Parking Spaces - I-80  Exit 223, 1150 N Canfield-Niles Rd; Austintown",OH 44515>330-505-3532
-82.060677,41.465085,"Pilot Travel Center-OH:Avon-55 Parking Spaces - I-90  Exit 151, 39115 Colorado Rd; Avon",OH 44011>440-934-0110
-83.965271,40.833871,"Pilot Travel Center-OH:Beaver Dam-105 Parking Spaces - I-75  Exit 135, 427 E Main St; Beaver Dam",OH 45808>419-643-6023
-81.050689,40.05753,"Pilot Travel Center-OH:Belmont-67 Parking Spaces - I-70  Exit 208, 66377 Belmont-Morristown Rd; Belmont",OH 43718>740-782-0134
-81.997734,40.999223,"Pilot Travel Center-OH:Burbank-105 Parking Spaces - I-71 & OH-83  Exit 204, 10048 Avon Lake Rd; Burbank",OH 44214>330-948-4571
-81.527959,39.737538,"Pilot Travel Center-OH:Caldwell-50 Parking Spaces - I-77  Exit 25, 44133 Fairground Rd; Caldwell",OH 43724>740-732-5656
-81.576912,39.997137,"Pilot Travel Center-OH:Cambridge-35 Parking Spaces - I-70  Exit 178, 61700 Southgate Rd; Cambridge",OH 43725>740-439-0989
-81.403188,40.749131,"Pilot Travel Center-OH:Canton-130 Parking Spaces - I-77  Exit 101, 2320 Faircrest St; Canton",OH 44706>330-484-3965
-82.950973,39.338035,"Pilot Travel Center-OH:Chillicothe-66 Parking Spaces - Hwy 50, 1111 E Main; Chillicothe",OH 45601>740-772-2300
-82.957098,39.557944,"Pilot Travel Center-OH:Circleville-55 Parking Spaces - US-23 Pittsburg Rd, 25600 US-23; Circleville",OH 43113>740-420-0702
-83.100082,39.973832,"Pilot Travel Center-OH:Columbus-100 Parking Spaces - I-70  Exit 94 Wilson Rd, 3600 Interchange Rd; Columbus",OH 43204>614-308-9195
-84.630818,39.831663,"Pilot Travel Center-OH:Eaton -34 Parking Spaces - I-70 & OH-127  Exit 10, 6141 US-127 N; Eaton ",OH 45320>937-456-6303
-83.6608,41.136613,"Pilot Travel Center-OH:Findlay-80 Parking Spaces - I-75 & OH-613  Exit 164, 11471 OH-613W; Findlay",OH 45840>419-299-3381
-84.290451,39.542654,"Pilot Travel Center-OH:Franklin-200 Parking Spaces - I-75  Exit 36, 6830 Franklin-Lebanon Rd; Franklin",OH 45005>937-746-4488
-80.719391,41.139862,"Pilot Travel Center-OH:Girard-80 Parking Spaces - I-80  Exit 226, 2786 Salt Springs Rd; Girard",OH 44420>330-530-8500
-82.536115,39.945205,"Pilot Travel Center-OH:Hebron-90 Parking Spaces - I-70 & OH-37  Exit 126, 10258 Lancaster Rd SW; Hebron",OH 43025>740-928-5588
-83.370175,39.958751,"Pilot Travel Center-OH:London-85 Parking Spaces - I-70  Exit 79, 1365 OH-42 NE; London",OH 43140>614-879-4128
-82.830783,40.370322,"Pilot Travel Center-OH:Marengo-70 Parking Spaces - I-71  Exit 140, 488 OH-61; Marengo",OH 43334>419-253-1400
-84.104244,41.416539,"Pilot Travel Center-OH:Napoleon-75 Parking Spaces - Hwy 24, 905 American Rd; Napoleon",OH 43545>419-599-0043
-80.660301,40.959842,"Pilot Travel Center-OH:North Lima-50 Parking Spaces - I-76  Exit 232, 10920 Market St; North Lima",OH 44452>330-549-9203
-83.461466,41.52279,"Pilot Travel Center-OH:Perrysburg-50 Parking Spaces - I-80/90  Exit 71, 3430 Libbey Rd; Perrysburg",OH 43551>419-837-5091
-81.625945,41.276113,"Pilot Travel Center-OH:Richfield-44 Parking Spaces - I-77  Exit 146 / I-80  Exit 173, 5219 Brecksville Rd; Richfield",OH 44286>330-659-2020
-81.907526,41.029196,"Pilot Travel Center-OH:Seville -190 Parking Spaces - I-71  Exit 209, 8924 Lake Rd; Seville ",OH 44273>330-769-4220
-82.92396,40.265454,"Pilot Travel Center-OH:Sunbury-115 Parking Spaces - I-71  Exit 131, 7680 E 36 N State St; Sunbury",OH 43074>740-965-5540
-83.50768,41.724105,"Pilot Travel Center-OH:Toledo-70 Parking Spaces - I-75  Exit 210, 5820 Hagman Rd; Toledo",OH 43612>419-729-3985
-83.245479,40.834268,"Pilot Travel Center-OH:Upper Sandusky-70 Parking Spaces - OH-23 & 30, 1600 E Wyandot Ave; Upper Sandusky",OH 43351>419-294-2971
-96.140712,34.364915,"Pilot Travel Center-OK:Atoka-63 Parking Spaces - US-69 & Redbud La, 1954 S Mississippi Ave; Atoka",OK 74525>580-364-0232
-95.401615,35.785008,"Pilot Travel Center-OK:Muskogee-125 Parking Spaces - US-69 & US-51, 3000 N 32nd St; Muskogee",OK 74401>918-686-7856
-97.687992,35.462502,"Pilot Travel Center-OK:Oklahoma City-145 Parking Spaces - I-40   Exit 140, 400 S Morgan Rd; Oklahoma City",OK 73128>405-440-1048
-94.521665,35.403898,"Pilot Travel Center-OK:Roland-125 Parking Spaces - I-40   Exit 325, 302 W Ray Fine Blvd; Roland",OK 74954>918-427-0895
-97.345851,36.695354,"Pilot Travel Center-OK:Tonkawa-80 Parking Spaces - I-35   Exit 214, 16600 W South Ave; Tonkawa",OK 74653>580-628-2934
-122.975206,45.048383,"Pilot Travel Center-OR:Brooks-88 Parking Spaces - I-5   Exit 263, 4220 Brooklake Rd NE; Brooks",OR 97305>503-463-1114
-122.899144,42.377657,"Pilot Travel Center-OR:Central Point-93 Parking Spaces - I-5   Exit 33, 1600 E Pine St; Central Point",OR 97502>541-664-7001
-121.784536,43.2154,"Pilot Travel Center-OR:Chemult-37 Parking Spaces - Hwy 97 & 2nd St, 109450 US-97; Chemult",OR 97731>541-365-0991
-121.798342,42.256708,"Pilot Travel Center-OR:Klamath Falls-48 Parking Spaces - Hwy 97, 3817 N Hwy 97; Klamath Falls",OR 97601>541-884-0400
-123.289272,43.539165,"Pilot Travel Center-OR:Oakland-140 Parking Spaces - I-5   Exit 148, 800 John Long Rd; Oakland",OR 97462>541-849-2133
-119.2052165,45.76531892,"Pilot Travel Center-OR:Stanfield-137 Parking Spaces - I-84/82   Exit 188, 2115 S Hwy 395; Stanfield",OR 97875>541-449-1403
-120.835729,45.66908,"Pilot Travel Center-OR:Wasco-37 Parking Spaces - I-84   Exit 104 & US-97, 91485 Biggs Rufus Hwy; Wasco",OR 97065>541-739-2174
-80.001194,40.131342,"Pilot Travel Center-PA:Bentleyville-90 Parking Spaces - I-70   Exit 32B, 205 Wilson Rd; Bentleyville",PA 15314>724-239-5855
-76.079925,41.027414,"Pilot Travel Center-PA:Drums-45 Parking Spaces - I-80/81/PA 93   Exit 256, 1114 SR 93; Drums",PA 18222>570-900-2457
-78.782932,41.141249,"Pilot Travel Center-PA:Dubois-100 Parking Spaces - I-80 & Hwy 219   Exit 97, 1742 Rich Hwy; Dubois",PA 15801>814-375-6046
-77.009187,40.406127,"Pilot Travel Center-PA:Duncannon-68 Parking Spaces - US-22 & 322, 30 Benvenue Rd; Duncannon",PA 17020>717-834-3156
-80.038254,42.069726,"Pilot Travel Center-PA:Erie-45 Parking Spaces - I-90 & PA 97   Exit 27, 8035 Perry Hwy; Erie",PA 16509>814-864-8536
-77.515672,41.033959,"Pilot Travel Center-PA:Mill Hall-70 Parking Spaces - I-80   Exit 173, 5868 Nittany Valley Dr; Mill Hall",PA 17751>570-726-7618
-75.754619,41.313989,"Pilot Travel Center-PA:Pittston-63 Parking Spaces - I-81N   Exit 175, 417 Rte 315; Pittston",PA 18640>570-655-4116
-80.1408,40.964297,"Pilot Travel Center-PA:Portersville (New Castle Area)-50 Parking Spaces - I-79   Exit 99, 2010 New Castle Rd; Portersville (New Castle Area)",PA 16051>724-368-3028
-80.282344,34.192802,"Pilot Travel Center-SC:Bishopville-50 Parking Spaces - I-20  Exit 116, 1340 Sumter Hwy; Bishopville",SC 29010>803-868-6034
-81.450885,35.165687,"Pilot Travel Center-SC:Blacksburg-114 Parking Spaces - I-85  Exit 106, 2768 East Cherokee St; Blacksburg",SC 29702>864-936-9984
-80.666224,33.417352,"Pilot Travel Center-SC:Bowman-48 Parking Spaces - I-26   Exit 159, 2064 Homestead Rd; Bowman",SC 29018>803-829-3541
-81.078214,33.930036,"Pilot Travel Center-SC:Cayce (Columbia Area)-90 Parking Spaces - I-26/77   Exit 115, 3008 Hwy 321; Cayce (Columbia Area)",SC 29033>803-739-2921
-82.107788,34.915732,"Pilot Travel Center-SC:Duncan-35 Parking Spaces - I-85 & SC 290   Exit 63, 1405 E Main St; Duncan",SC 29334>864-433-1221
-79.701956,34.267072,"Pilot Travel Center-SC:Florence-75 Parking Spaces - I-95   Exit 170, 3006 N Williston Rd; Florence",SC 29506>843-662-6972
-79.801826,34.233114,"Pilot Travel Center-SC:Florence-90 Parking Spaces - I-95 & US-52   Exit 164, 2015 W Lucas St; Florence",SC 29501>843-662-2646
-81.703917,35.078273,"Pilot Travel Center-SC:Gaffney-103 Parking Spaces - I-85   Exit 90, 909 Hyatt St; Gaffney",SC 29341>864-206-0050
-81.840895,33.604183,"Pilot Travel Center-SC:Graniteville-56 Parking Spaces - I-20  Exit 11, 574 Bettis Academy Rd; Graniteville",SC 29829>803-663-6674
-81.080303,32.269364,"Pilot Travel Center-SC:Hardeeville-90 Parking Spaces - I-95  Exit 5, 15976 Whyte Hardee Blvd; Hardeeville",SC 29927>843-784-3350
-79.534595,34.344825,"Pilot Travel Center-SC:Latta-112 Parking Spaces - I-95  Exit 181, 1504 Hwy 38 W; Latta",SC 29565>843-929-1810
-80.686871,34.19298,"Pilot Travel Center-SC:Lugoff-60 Parking Spaces - I-20 & US-601   Exit 92, 522 Hwy 601 S; Lugoff",SC 29078>803-438-5175
-79.98522,32.903967,"Pilot Travel Center-SC:N Charleston-50 Parking Spaces - I-526   Exit 19, 5714 North Rhett Ave; N Charleston",SC 29406>843-745-9300
-82.497322,34.710541,"Pilot Travel Center-SC:Piedmont-61 Parking Spaces - I-85   Exit 35, 110 Frontage Rd; Piedmont",SC 29673>864-845-8177
-81.459582,34.240391,"Pilot Travel Center-SC:Prosperity-58 Parking Spaces - I-26  Exit 82, 2221 SC Hwy 773; Prosperity",SC 29127>803-321-2392
-80.567296,33.269245,"Pilot Travel Center-SC:St George-114 Parking Spaces - I-95  Exit 82, 9587 Charleston Hwy; St George",SC 29477>843-932-3096
-80.878311,33.632765,"Pilot Travel Center-SC:St Matthews-25 Parking Spaces - I-26  Exit 139, 1300 Burke Rd; St Matthews",SC 29135>803-874-4340
-81.001222,34.508233,"Pilot Travel Center-SC:Winnsboro-100 Parking Spaces - I-77  Exit 48, 10959 SR 200; Winnsboro",SC 29180>803-232-8916
-100.705254,43.885784,"Pilot Travel Center-SD:Murdo-60 Parking Spaces - I-90   Exit 192, 601 E Fifth St; Murdo",SD 57559>605-578-0057
-103.272893,44.112534,"Pilot Travel Center-SD:Rapid City-75 Parking Spaces - I-90   Exit 55, 2783 Deadwood Ave; Rapid City",SD 57702>605-348-7070
-84.953257,35.152381,"Pilot Travel Center-TN:Cleveland-80 Parking Spaces - I-75   Exit 20, 281 Pleasant Grove Rd Sw; Cleveland",TN 37353>423-476-3892
-86.88448,35.304932,"Pilot Travel Center-TN:Cornersville-20 Parking Spaces - I-65   Exit 22, 9211 Lewisburg Hwy; Cornersville",TN 37047>931-363-3290
-85.012329,35.986242,"Pilot Travel Center-TN:Crossville-85 Parking Spaces - I-40   Exit 320, 2449 Genesis Rd; Crossville",TN 38571>931-450-3018
-87.341679,36.023037,"Pilot Travel Center-TN:Dickson-43 Parking Spaces - I-40   Exit 172, 2320 Hwy 46 S; Dickson",TN 37055>615-446-4600
-85.949281,36.177294,"Pilot Travel Center-TN:Gordonsville-66 Parking Spaces - I-40  Exit 258, 502 Gordonsville Hwy; Gordonsville",TN 38563>615-683-3410
-82.831823,36.320638,"Pilot Travel Center-TN:Greeneville-11 Parking Spaces - I-81   Exit 36, 11190 Baileyton Rd; Greeneville",TN 37745>423-234-0414
-87.801889,35.882357,"Pilot Travel Center-TN:Hurricane Mills-180 Parking Spaces - I-40   Exit 143, 15559 Hwy 13 S; Hurricane Mills",TN 37078>931-296-7180
-88.777142,35.682815,"Pilot Travel Center-TN:Jackson-95 Parking Spaces - I-40   Exit 85, 30 Sand Pebble Rd; Jackson",TN 38305>731-422-5545
-84.0025271,35.9440413,Pilot Travel Center-TN:Knoxville- Parking Spaces - 5508 Lonas Dr; Knoxville,TN 37919
-83.777618,35.999273,"Pilot Travel Center-TN:Knoxville-107 Parking Spaces - I-40   Exit 398, 7210 Strawberry Plains Pke; Knoxville",TN 37914>865-544-1067
-84.141119,35.903979,"Pilot Travel Center-TN:Knoxville-80 Parking Spaces - I-40/75   Exit 374, 314 Lovell Rd; Knoxville",TN 37934>865-966-0445
-86.594834,35.997841,"Pilot Travel Center-TN:Lavergne-25 Parking Spaces - I-24   Exit 64, 535 Waldron Rd; Lavergne",TN 37086>615-793-9856
-86.299394,36.178635,"Pilot Travel Center-TN:Lebanon-150 Parking Spaces - I-40   Exit 238, 921 Murfreesboro Rd; Lebanon",TN 37090>615-453-8866
-85.824498,35.233006,"Pilot Travel Center-TN:Monteagle-79 Parking Spaces - I-24  Exit 135, 640 Dixie Lee Ave; Monteagle",TN 37356>931-463-1003
-86.396012,35.807895,"Pilot Travel Center-TN:Murfreesboro-65 Parking Spaces - I-24   Exit 81, 2441 S Church St; Murfreesboro",TN 37127>615-907-9595
-84.565053,35.544914,"Pilot Travel Center-TN:Niota-91 Parking Spaces - I-75  Exit 56, 507 Hwy 309; Niota",TN 37826>423-597-3719
-84.249697,36.376687,"Pilot Travel Center-TN:Pioneer-88 Parking Spaces - I-75  Exit 141, 106 Comfort La; Pioneer",TN 37847>423-562-8483
-83.338959,36.108522,"Pilot Travel Center-TN:White Pine-106 Parking Spaces - I-81  Exit 4, 3663 Roy Messer Hwy; White Pine",TN 37890>865-674-5921
-83.333659,36.109401,"Pilot Travel Center-TN:White Pine-134 Parking Spaces - I-81   Exit 4, 3624 Roy Messer Hwy; White Pine",TN 37890>865-674-8570
-101.741115,35.195618,"Pilot Travel Center-TX:Amarillo-90 Parking Spaces - I-40  Exit 75, 715 S Lakeside Dr; Amarillo",TX 79118>806-335-3323
-102.5421709,32.30706366,"Pilot Travel Center-TX:Andrews-56 Parking Spaces - US-385 and Loop 1910, 1103 S Main St; Andrews",TX 79714>432-524-2124
-106.586754,31.996671,"Pilot Travel Center-TX:Anthony-110 Parking Spaces - I-10  Exit 0, 2015 Antonio St; Anthony",TX 79821>915-886-3090
-95.911803,29.494616,"Pilot Travel Center-TX:Beasley-56 Parking Spaces - Hwy 59, 525 1St St; Beasley",TX 77417>979-387-2620
-101.449249,31.190475,"Pilot Travel Center-TX:Big Lake-40 Parking Spaces - Hwy 67, 1310 E US-67; Big Lake",TX 76932>325-884-2609
-101.476428,32.266019,"Pilot Travel Center-TX:Big Spring-71 Parking Spaces - I-20  Exit 178 (SWQ), 706 E I-20 Frontage Rd; Big Spring",TX 79720>432-223-5832
-97.89712,33.5756,"Pilot Travel Center-TX:Bowie-23 Parking Spaces - Hwy 287, 2606 FM 174; Bowie",TX 76230>940-872-8804
-96.078832,31.448324,"Pilot Travel Center-TX:Buffalo-83 Parking Spaces - I-45 & Hwy 79  Exit 178, 2605 W Commerce St; Buffalo",TX 75831>903-322-9034
-96.177451,33.043772,"Pilot Travel Center-TX:Caddo Mills-85 Parking Spaces - I-30  Exit 87, 2226 FM 1903; Caddo Mills",TX 75135>903-527-2150
-100.232258,34.435819,"Pilot Travel Center-TX:Childress-81 Parking Spaces - Hwy 287 & Hwy 83, 2301 Ave F NW; Childress",TX 79201>940-937-8769
-96.780882,32.642029,"Pilot Travel Center-TX:Dallas-150 Parking Spaces - I-20  Exit 470, 8787 S Lancaster Rd; Dallas",TX 75241>972-228-2467
-98.1414383,27.211821,"Pilot Travel Center-TX:Falfurrias-44 Parking Spaces - US-281, 1419 US-281; Falfurrias",TX 78355>361-325-1166
-97.306777,32.957734,"Pilot Travel Center-TX:Fort Worth-236 Parking Spaces - I-35  Exit 65, 2400 Alliance Gateway Fwy; Fort Worth",TX 76177>817-337-5324
-96.048139,30.108168,"Pilot Travel Center-TX:Hempstead-46 Parking Spaces - US290, 2000 FM 1488; Hempstead",TX 77445>979-291-2440
-95.267751,29.799918,"Pilot Travel Center-TX:Houston-113 Parking Spaces - I-610 & US-90 E  Exit 24A, 4440 N McCarty St; Houston",TX 77013>713-675-3375
-95.594058,30.737981,"Pilot Travel Center-TX:Huntsville-90 Parking Spaces - I-45  Exit 118, 639 TX-75 N; Huntsville",TX 77320>936-291-1125
-99.778218,30.504505,"Pilot Travel Center-TX:Junction-44 Parking Spaces - I-10  Exit 456, 2342 N Main St; Junction",TX 76849>325-439-7717
-103.104806,31.842779,"Pilot Travel Center-TX:Kermit-25 Parking Spaces - TX-302, 127 W TX-302; Kermit",TX 79745>432-538-4660
-99.461492,27.683694,"Pilot Travel Center-TX:Laredo-125 Parking Spaces - I-35  Exit 13, 1101 Uniroyal Dr; Laredo",TX 78045>956-717-5006
-99.52485,27.62055,"Pilot Travel Center-TX:Laredo-53 Parking Spaces - , 14070 Mines Rd; Laredo",TX 78045>956-646-9315
-94.699158,31.317123,"Pilot Travel Center-TX:Lufkin-47 Parking Spaces - Hwy 69/Loop 287, 1920 E Denman Ave; Lufkin",TX 75901>936-899-7101
-102.0731307,31.96844103,"Pilot Travel Center-TX:Midland-21 Parking Spaces - I-20  Exit 136, 2810 Rankin Hwy 349; Midland",TX 79706>432-687-1658
-102.2523326,31.96760254,"Pilot Travel Center-TX:Midland-40 Parking Spaces - I-20, 11501 TX-191; Midland",TX 79707>432-561-8927
-102.215107,31.915264,"Pilot Travel Center-TX:Midland-99 Parking Spaces - I-20 & FM 1788  Exit 126, 4015 S FM 1788; Midland",TX 79706>432-563-1683
-102.9171905,31.58747741,"Pilot Travel Center-TX:Monahans-24 Parking Spaces - I-20 BL, 101 S Loop 464 Rd; Monahans",TX 79756>432-943-2190
-102.8111921,31.61504984,"Pilot Travel Center-TX:Monahans-99 Parking Spaces - I-20, 4840 E I-20; Monahans",TX 79756>432-223-5839
-97.687017,30.034247,"Pilot Travel Center-TX:Mustang Ridge-28 Parking Spaces - Hwy 183 & Hwy 21, 10700 US-183 N; Mustang Ridge",TX 78610>512-398-3070
-98.156877,29.676709,"Pilot Travel Center-TX:New Braunfels-120 Parking Spaces - I-35  Exit 184, 4142 Loop 337; New Braunfels",TX 78132>830-629-1424
-102.4223668,31.8762742,"Pilot Travel Center-TX:Odessa-26 Parking Spaces - Hwy 338 & Hwy 302, 4200 TX-302; Odessa",TX 79764>432-366-0246
-102.3682009,31.7787961,"Pilot Travel Center-TX:Odessa-31 Parking Spaces - Hwy 385, 6001 US-385; Odessa",TX 79766>432-617-0028
-102.476793,31.784738,"Pilot Travel Center-TX:Odessa-93 Parking Spaces - I-20  Exit 108, 3145 Meteor Crater Rd; Odessa",TX 79766>432-381-5248
-93.821772,30.112464,"Pilot Travel Center-TX:Orange-114 Parking Spaces - I-10  Exit 873, 2205 N Hwy 62; Orange",TX 77630>409-745-1124
-103.9092575,31.8256175,"Pilot Travel Center-TX:Orla-50 Parking Spaces - US-285, 3752 US-285 N; Orla",TX 79770>432-273-0079
-103.5209549,31.40086612,"Pilot Travel Center-TX:Pecos-9 Parking Spaces - I-20, 2500 S Bickley Ave; Pecos",TX 79772>432-445-0002
-103.1186084,31.52704669,"Pilot Travel Center-TX:Pyote-76 Parking Spaces - I-20  Exit 66, 164 FM 1927; Pyote",TX 79777>432-389-5200
-97.4698428,33.1018215,"Pilot Travel Center-TX:Rhome-52 Parking Spaces - US-287, 8221 US-287; Rhome",TX 76078>817-636-5630
-97.171948,31.455849,"Pilot Travel Center-TX:Robinson-271 Parking Spaces - I-35  Exit 328, 8055 S I-35; Robinson",TX 76706>254-673-0171
-98.380264,29.439983,"Pilot Travel Center-TX:San Antonio-50 Parking Spaces - I-10  Exit 582 Ackerman Rd, 5619 I-10 E; San Antonio",TX 78219>210-661-5353
-98.415082,29.220032,"Pilot Travel Center-TX:San Antonio-88 Parking Spaces - I-37  Exit 125, 4105 S Loop 1604; San Antonio",TX 78264>210-626-9183
-96.902387,29.694887,"Pilot Travel Center-TX:Schulenburg-76 Parking Spaces - I-10  Exit 674, 709 US-77 N; Schulenburg",TX 78956>979-743-2547
-102.072954,36.33149,"Pilot Travel Center-TX:Stratford-62 Parking Spaces - Hwy 287 & 54, 100 S Poplar; Stratford",TX 79084>806-395-4652
-95.633873,33.116472,"Pilot Travel Center-TX:Sulphur Springs-85 Parking Spaces - I-30  Exit 122, 1200 S Hillcrest; Sulphur Springs",TX 75482>903-885-0020
-95.283802,32.450417,"Pilot Travel Center-TX:Tyler-85 Parking Spaces - I-20 & FM 14, 12881 FM 14 A; Tyler",TX 75706>903-593-5466
-104.81541,31.03882,"Pilot Travel Center-TX:Van Horn-50 Parking Spaces - I-10  Exit 140B, 900 SE Frontage Rd; Van Horn",TX 79855>915-294-1950
-104.829483,31.03603,"Pilot Travel Center-TX:Van Horn-75 Parking Spaces - I-10  Exit 140, 501 Van Horn Dr; Van Horn ",TX 79855>915-295-4150
-102.428558,35.236093,"Pilot Travel Center-TX:Vega-76 Parking Spaces - I-40 & Hwy 385  Exit 36, 6555 US-385; Vega",TX 79092>806-267-0011
-98.669314,29.279543,"Pilot Travel Center-TX:Von Ormy-64 Parking Spaces - I-35  Exit 140, 14555 I-35 S; Von Ormy",TX 78073>210-622-9384
-97.825168,32.727247,"Pilot Travel Center-TX:Weatherford-110 Parking Spaces - I-20  Exit 406, 1201 I-20 W; Weatherford",TX 76087>817-341-4600
-113.582159,37.060669,"Pilot Travel Center-UT:St. George-60 Parking Spaces - I-15  Exit 4, 2841 S 60 East; St. George",UT 84790>435-319-4138
-77.391112,37.311344,"Pilot Travel Center-VA:Colonial Heights (Richmond Area)-110 Parking Spaces - I-95  Exit 58, 2126 Ruffin Mill Rd; Colonial Heights (Richmond Area)",VA 23834>804-524-9556
-79.355117,36.582662,"Pilot Travel Center-VA:Danville-28 Parking Spaces - Hwy 58 & Hwy 29, 110 River Point Dr; Danville",VA 24541>434-792-1180
-77.318376,37.184797,"Pilot Travel Center-VA:Disputanta-103 Parking Spaces - I-295 & Rte 460  Exit 3A, 4610 County Dr; Disputanta",VA 23842>804-863-4612
-80.23962,37.233,"Pilot Travel Center-VA:Elliston-50 Parking Spaces - I-81  Exit 128, 5151 N Fork Rd; Elliston",VA 24087>540-268-9500
-78.818994,38.480044,"Pilot Travel Center-VA:Harrisonburg-98 Parking Spaces - I-81  Exit 251, 3634 N Valley Pke; Harrisonburg",VA 22802>540-434-2529
-77.089187,37.499802,"Pilot Travel Center-VA:Providence Forge (Tallysville Area)-30 Parking Spaces - I-64  Exit 211, 6721 Emmaus Church Rd; Providence Forge (Tallysville Area)",VA 23140>804-207-3015
-79.23143,37.932485,"Pilot Travel Center-VA:Raphine-129 Parking Spaces - I-81/I-64  Exit 205, 713 Oakland Cir; Raphine",VA 24472>540-377-9239
-77.56102,36.607006,"Pilot Travel Center-VA:Skippers-85 Parking Spaces - I-95  Exit 4, 781 Moores Ferry Rd; Skippers",VA 23879>434-336-9100
-78.927745,36.675295,"Pilot Travel Center-VA:South Boston-55 Parking Spaces - Philpott Hwy 58, 2190 Philpott Hwy 58; South Boston",VA 24592>434-572-2340
-79.142828,38.019952,"Pilot Travel Center-VA:Staunton-100 Parking Spaces - I-81  Exit 213A, 3541 Lee Jackson Hwy; Staunton",VA 24401>540-324-0714
-78.437928,38.96694,"Pilot Travel Center-VA:Tom's Brook-159 Parking Spaces - I-81  Exit 291, 1014 Mount Olive Rd; Tom's Brook",VA 22660>540-876-2055
-80.99214,36.938631,"Pilot Travel Center-VA:Wytheville-150 Parking Spaces - I-81/I-77  Exit 77, 1318 E Lee Hwy; Wytheville",VA 24382>276-228-2421
-122.1970999,48.1877213,"Pilot Travel Center-WA:Arlington-78 Parking Spaces - I-5 & Hwy 530  Exit 208, 2430 WA-530 NE; Arlington",WA 98223>360-654-8324
-120.5865641,47.00546921,"Pilot Travel Center-WA:Ellensburg-54 Parking Spaces - I-90  Exit 106, 1307 N Dolarway Rd; Ellensburg",WA 98926>509-925-1777
-122.57207,48.84921,"Pilot Travel Center-WA:Ferndale-12 Parking Spaces - I-5  Exit 262, 5670 Barrett Rd; Ferndale",WA 98248>360-312-1822
-122.935252,46.954224,"Pilot Travel Center-WA:Tumwater-87 Parking Spaces - I-5  Exit 99 NE, 2430 93rd Ave Sw; Tumwater",WA 98512>360-754-0151
-88.980074,42.527207,"Pilot Travel Center-WI:Beloit-55 Parking Spaces - I-43/90/WI-81  Exit 185A, 3001 Milwaukee Rd; Beloit",WI 53511>608-364-3644
-87.952085,42.779236,"Pilot Travel Center-WI:Franksville-80 Parking Spaces - I-94 & CR K  Exit 329, 13712 Northwestern Ave; Franksville",WI 53126>262-835-2292
-90.0509,43.797536,"Pilot Travel Center-WI:Mauston-95 Parking Spaces - I-90/94  Exit 69, 1101 Gateway Ave; Mauston",WI 53948>608-847-3321
-87.94443,42.871496,"Pilot Travel Center-WI:Oak Creek-150 Parking Spaces - I-94  Exit 322, 2031 W Ryan Rd; Oak Creek",WI 53154>414-761-0939
-79.993891,39.539053,"Pilot Travel Center-WV:Morgantown-70 Parking Spaces - I-79  Exit 146, 2309 Smithtown Rd; Morgantown",WV 26508>304-284-8518
-81.830552,38.443943,"Pilot Travel Center-WV:Nitro-39 Parking Spaces - I-64 & WV-25  Exit 45, 4304 First Ave; Nitro",WV 25143>304-755-8654
-80.663657,38.704951,"Pilot Travel Center-WV:Sutton-56 Parking Spaces - I-79  Exit 67, 270 Scotts Fork-Bonnie Rd; Sutton",WV 26601>304-765-9270
-104.707239,41.136165,"Pilot Travel Center-WY:Cheyenne-93 Parking Spaces - I-80  Exit 367, 8020 Campstool Rd; Cheyenne",WY 82007>307-635-5744
-110.94139,41.269122,"Pilot Travel Center-WY:Evanston-75 Parking Spaces - I-80  Exit 6, 289 Bear River Dr; Evanston",WY 82930>307-783-5930
-105.610982,41.327254,"Pilot Travel Center-WY:Laramie-100 Parking Spaces - I-80  Exit 310, 1564 McCue St; Laramie",WY 82072>307-742-6443
-114.143304,34.86287,"Pride Travel Center-AZ:Yucca-86 Parking Spaces - I-40, 12551 S Mohave Center Blvd; Yucca",AZ 86438>928-766-6228
-97.518159,32.69187,"Shell/Flying J-TX:Fort Worth-20 Parking Spaces - I-20  Exit 425, 1301 Markum Ranch Rd; Fort Worth",TX 76126
-96.83588923,46.88931495,"Stamart Travel Center-ND; Fargo-130 Parking Spaces - I-29  Exit 66, 3500 12 Ave N; Fargo",ND 58102>701-298-3500
-89.412742,40.156584,"Thorntons-IL:Lincoln-100 Parking Spaces - I-55  Exit 126, 2903 Woodlawn Rd; Lincoln",IL 62656>217-732-3915
-111.199,45.773855,"Town Pump-MT:Belgrade-46 Parking Spaces - I-90  Exit 298, 561 Business Hub Rd; Belgrade",MT 59714>406-924-6990
-108.415656,45.812562,"Town Pump-MT:Billings-125 Parking Spaces - I-90  Exit 455, 2775 Old Hardin Rd; Billings",MT 59101>406-256-8826
-108.417455,45.815631,"Town Pump-MT:Billings-156 Parking Spaces - I-90  Exit 455, 2711 N Frontage Rd; Billings",MT 59101>406-238-9823
-112.609961,46.008538,"Town Pump-MT:Butte-65 Parking Spaces - I-15  Exit 122 & I-90 MM220, 122000 E Browns Gulch Rd; Butte",MT 59701>406-723-4325
-114.239204,48.369782,"Town Pump-MT:Columbia Falls-20 Parking Spaces - US-2 & Hwy 40, 6102 Hwy 2 W; Columbia Falls",MT 59912>406-892-0747
-109.247884,45.644901,"Town Pump-MT:Columbus-150 Parking Spaces - I-90  Exit 408, 602 8Th Ave N; Columbus",MT 59019>406-322-4833
-104.73539,47.116754,"Town Pump-MT:Glendive-200 Parking Spaces - Hwy 16  Exit 213, 73 Hwy 16; Glendive",MT 59330>406-377-7500
-111.360873,47.47055,"Town Pump-MT:Great Falls-100 Parking Spaces - I-15  Exit 277 31st St, 3100 Tri-Hill Frontage Rd; Great Falls",MT 59404>406-452-0342
-114.080956,46.757044,"Town Pump-MT:Lolo-40 Parking Spaces - US 12 & US-93, 11882 Hwy 93 S; Lolo",MT 59847>406-273-6666
-105.820976,46.396802,"Town Pump-MT:Miles City-100 Parking Spaces - I-94  Exit 138, 1210 South Haynes; Miles City",MT 59301>406-232-2582
-113.887922,46.874589,"Town Pump-MT:Milltown-100 Parking Spaces - I-90  Exit 109, 7985 Hwy 200; Milltown",MT 59851>406-258-6588
-114.133137,46.95578,"Town Pump-MT:Missoula-125 Parking Spaces - I-90  Exit 96, 8745 Hwy 93 N; Missoula",MT 59808>406-542-0400
-112.612531,46.005195,"Town Pump-MT:Rocker-195 Parking Spaces - I-90  Exit 122, 1000 Grizzly Trl; Rocker",MT 59701>406-723-0088
-111.872893,48.512661,"Town Pump-MT:Shelby-70 Parking Spaces - I-15  Exit 363, 1350 Roosevelt Hwy; Shelby",MT 59474>406-434-5221
-104.177942,47.685064,"Town Pump-MT:Sidney-60 Parking Spaces - Hwy 200, 3150 S Central Ave; Sidney",MT 59270>406-433-5182
-114.88546,47.189338,"Town Pump-MT:Superior-10 Parking Spaces - I-90  Exit 47, 27 Diamond Rd; Superior",MT 59872>406-822-4444
-111.599146,45.917256,"Town Pump-MT:Three Forks-90 Parking Spaces - I-90 & US-287, 10800 Hwy 287; Three Forks",MT 59752>406-285-3807
-111.618025,32.779889,"Xpress Fuel-AZ:Eloy-77 Parking Spaces - I-10  Exit 203, 3105 N Toltec Rd; Eloy",AZ 85131>520-709-4058
-106.1967723,31.59888075,"Xpress Fuel-TX:Clint-53 Parking Spaces - I-10  Exit 42, 1590 Clint Cutoff Rd FM 1110; Clint",TX 79836>915-851-2137